1.000000000000000000e+00,1.406332729058425102e+01
2.000000000000000000e+00,1.404072371842556421e+01
3.000000000000000000e+00,1.396116211014837383e+01
4.000000000000000000e+00,1.378207386495092379e+01
5.000000000000000000e+00,1.343609100699046799e+01
6.000000000000000000e+00,1.285575514870862790e+01
7.000000000000000000e+00,1.201050198175127903e+01
8.000000000000000000e+00,1.083105064431159192e+01
9.000000000000000000e+00,9.465201291514336646e+00
1.000000000000000000e+01,8.430641119882176682e+00
1.100000000000000000e+01,8.303669397903487237e+00
1.200000000000000000e+01,8.099806637260195785e+00
1.300000000000000000e+01,6.804878049041522381e+00
1.400000000000000000e+01,4.862924031320569718e+00
1.500000000000000000e+01,3.098101514754863395e+00
1.600000000000000000e+01,1.814368243389812951e+00
1.700000000000000000e+01,8.906910622669290678e-01
1.800000000000000000e+01,1.923480401734171397e-01
1.900000000000000000e+01,1.227723846042253347e-01
2.000000000000000000e+01,9.894262149446539922e-01
2.100000000000000000e+01,1.568972383560012673e+00
2.200000000000000000e+01,1.038684839658333248e+00
2.300000000000000000e+01,3.079514100461030468e-01
2.400000000000000000e+01,2.744976255404154020e-01
2.500000000000000000e+01,6.842536200840469984e-01
2.600000000000000000e+01,9.958236128587657499e-01
2.700000000000000000e+01,8.599925563485149027e-01
2.800000000000000000e+01,4.186430420559027477e-01
2.900000000000000000e+01,1.663692995158643773e-01
3.000000000000000000e+01,4.051372708808888001e-01
3.100000000000000000e+01,6.552612032839230105e-01
3.200000000000000000e+01,3.936330931382576725e-01
3.300000000000000000e+01,6.830845692106263245e-02
3.400000000000000000e+01,1.769319086126414642e-01
3.500000000000000000e+01,4.096083156191571706e-01
3.600000000000000000e+01,3.101165114076952500e-01
3.700000000000000000e+01,5.686464970938093222e-02
3.800000000000000000e+01,1.249961787135122071e-01
3.900000000000000000e+01,3.357301640922053521e-01
4.000000000000000000e+01,1.955461317076004346e-01
4.100000000000000000e+01,5.548412001579554331e-02
4.200000000000000000e+01,2.034558995348276778e-01
4.300000000000000000e+01,2.539171601776479270e-01
4.400000000000000000e+01,9.091411762758760950e-02
4.500000000000000000e+01,7.951108432549691685e-02
4.600000000000000000e+01,1.978194109396954614e-01
4.700000000000000000e+01,1.068588765243063676e-01
4.800000000000000000e+01,3.558337465937011501e-02
4.900000000000000000e+01,1.252040000267598541e-01
5.000000000000000000e+01,1.125574786154780876e-01
5.100000000000000000e+01,3.014793331620902600e-02
5.200000000000000000e+01,8.340911963707858812e-02
5.300000000000000000e+01,1.071314999161928766e-01
5.400000000000000000e+01,4.093968283244664441e-02
5.500000000000000000e+01,5.822458494160049486e-02
5.600000000000000000e+01,9.280046150343468359e-02
5.700000000000000000e+01,5.564230227884858077e-02
5.800000000000000000e+01,3.741334894026246416e-02
5.900000000000000000e+01,6.736376068144828144e-02
6.000000000000000000e+01,5.930111972327323927e-02
6.100000000000000000e+01,3.130660854615584243e-02
6.200000000000000000e+01,4.141398224902941017e-02
6.300000000000000000e+01,5.327326285684209906e-02
6.400000000000000000e+01,3.696358867972148604e-02
6.500000000000000000e+01,2.790173034600627530e-02
6.600000000000000000e+01,4.020345817236242042e-02
6.700000000000000000e+01,4.222107205647538525e-02
6.800000000000000000e+01,3.058899777987243371e-02
6.900000000000000000e+01,2.990199236755419418e-02
7.000000000000000000e+01,3.786354595775742043e-02
7.100000000000000000e+01,3.691403403492485996e-02
7.200000000000000000e+01,2.988694350971965452e-02
7.300000000000000000e+01,2.962330179429212632e-02
7.400000000000000000e+01,3.407214396850075100e-02
7.500000000000000000e+01,3.354661948242479430e-02
7.600000000000000000e+01,2.916003933505001769e-02
7.700000000000000000e+01,2.804776764085847862e-02
7.800000000000000000e+01,3.032756667498917244e-02
7.900000000000000000e+01,3.105985558745493619e-02
8.000000000000000000e+01,2.901793788421521206e-02
8.100000000000000000e+01,2.730085991135544968e-02
8.200000000000000000e+01,2.778888933179504001e-02
8.300000000000000000e+01,2.898959098525719785e-02
8.400000000000000000e+01,2.898017927797750734e-02
8.500000000000000000e+01,2.792834786762862787e-02
8.600000000000000000e+01,2.719648161610079690e-02
8.700000000000000000e+01,2.738025519085210413e-02
8.800000000000000000e+01,2.793606410714259344e-02
8.900000000000000000e+01,2.814539444481292674e-02
9.000000000000000000e+01,2.786552872888082774e-02
9.100000000000000000e+01,2.743538522699106794e-02
9.200000000000000000e+01,2.719621640535268073e-02
9.300000000000000000e+01,2.721774004602927829e-02
9.400000000000000000e+01,2.736125591960558018e-02
9.500000000000000000e+01,2.746935465160013981e-02
9.600000000000000000e+01,2.747779006482842235e-02
9.700000000000000000e+01,2.740943826345245554e-02
9.800000000000000000e+01,2.731699243927412923e-02
9.900000000000000000e+01,2.723881497358594111e-02
1.000000000000000000e+02,2.718831354755821966e-02
1.010000000000000000e+02,2.716258074725108607e-02
1.020000000000000000e+02,2.715490490122834250e-02
1.030000000000000000e+02,2.713553432996354195e-02
1.040000000000000000e+02,2.711620244840571431e-02
1.050000000000000000e+02,2.711384771358454210e-02
1.060000000000000000e+02,2.714024486638189418e-02
1.070000000000000000e+02,2.718899710372327944e-02
1.080000000000000000e+02,2.723095946457040895e-02
1.090000000000000000e+02,2.722860578992832709e-02
1.100000000000000000e+02,2.716741342769796869e-02
1.110000000000000000e+02,2.707921498949384526e-02
1.120000000000000000e+02,2.702631877994413415e-02
1.130000000000000000e+02,2.704486907473118915e-02
1.140000000000000000e+02,2.709957313069524462e-02
1.150000000000000000e+02,2.711228718731666792e-02
1.160000000000000000e+02,2.705269835782581414e-02
1.170000000000000000e+02,2.698341668403304167e-02
1.180000000000000000e+02,2.698192829326592074e-02
1.190000000000000000e+02,2.702943471665978509e-02
1.200000000000000000e+02,2.703419431725166341e-02
1.210000000000000000e+02,2.697342060381730661e-02
1.220000000000000000e+02,2.693113954828291190e-02
1.230000000000000000e+02,2.695309640573246776e-02
1.240000000000000000e+02,2.696430575965558241e-02
1.250000000000000000e+02,2.691096337061687355e-02
1.260000000000000000e+02,2.686398807968237712e-02
1.270000000000000000e+02,2.687258864803769576e-02
1.280000000000000000e+02,2.686448487782006414e-02
1.290000000000000000e+02,2.680798085420145471e-02
1.300000000000000000e+02,2.678002715415676860e-02
1.310000000000000000e+02,2.678554224849909182e-02
1.320000000000000000e+02,2.675203611756031205e-02
1.330000000000000000e+02,2.670924288062065735e-02
1.340000000000000000e+02,2.670696267284650843e-02
1.350000000000000000e+02,2.668749814679580862e-02
1.360000000000000000e+02,2.664333736538213732e-02
1.370000000000000000e+02,2.663044712605999384e-02
1.380000000000000000e+02,2.661069905491150744e-02
1.390000000000000000e+02,2.656608740658794945e-02
1.400000000000000000e+02,2.654644993118648530e-02
1.410000000000000000e+02,2.652017177714367790e-02
1.420000000000000000e+02,2.647650200204226464e-02
1.430000000000000000e+02,2.645530772758507287e-02
1.440000000000000000e+02,2.642218730320396169e-02
1.450000000000000000e+02,2.638336151182100672e-02
1.460000000000000000e+02,2.636081633318902717e-02
1.470000000000000000e+02,2.632130768229182238e-02
1.480000000000000000e+02,2.628876422470704036e-02
1.490000000000000000e+02,2.625839226364106924e-02
1.500000000000000000e+02,2.621609446301933696e-02
1.510000000000000000e+02,2.618560423911920482e-02
1.520000000000000000e+02,2.614412098043808821e-02
1.530000000000000000e+02,2.610747726929685611e-02
1.540000000000000000e+02,2.607364503270009209e-02
1.550000000000000000e+02,2.603459481432866471e-02
1.560000000000000000e+02,2.600377462688884325e-02
1.570000000000000000e+02,2.596843145052352489e-02
1.580000000000000000e+02,2.593544353097481173e-02
1.590000000000000000e+02,2.590527827411808620e-02
1.600000000000000000e+02,2.587172210604415587e-02
1.610000000000000000e+02,2.584230323712007754e-02
1.620000000000000000e+02,2.581226026750588556e-02
1.630000000000000000e+02,2.578163268593967189e-02
1.640000000000000000e+02,2.575415791798761969e-02
1.650000000000000000e+02,2.572566109861173719e-02
1.660000000000000000e+02,2.569794128487743953e-02
1.670000000000000000e+02,2.567232925691194032e-02
1.680000000000000000e+02,2.564613965302439333e-02
1.690000000000000000e+02,2.562089784128231129e-02
1.700000000000000000e+02,2.559723136390019971e-02
1.710000000000000000e+02,2.557338885044335361e-02
1.720000000000000000e+02,2.555031830637486887e-02
1.730000000000000000e+02,2.552858918012609890e-02
1.740000000000000000e+02,2.550706530738688915e-02
1.750000000000000000e+02,2.548610433636328693e-02
1.760000000000000000e+02,2.546633473284305726e-02
1.770000000000000000e+02,2.544711663922120254e-02
1.780000000000000000e+02,2.542837909577517000e-02
1.790000000000000000e+02,2.541061307062551095e-02
1.800000000000000000e+02,2.539366515557039961e-02
1.810000000000000000e+02,2.537729611219632225e-02
1.820000000000000000e+02,2.536160437424074890e-02
1.830000000000000000e+02,2.534678751866270910e-02
1.840000000000000000e+02,2.533277491154916489e-02
1.850000000000000000e+02,2.531936860354054922e-02
1.860000000000000000e+02,2.530666513001387716e-02
1.870000000000000000e+02,2.529478765073876409e-02
1.880000000000000000e+02,2.528366984612367627e-02
1.890000000000000000e+02,2.527329607943922321e-02
1.900000000000000000e+02,2.526361247011679398e-02
1.910000000000000000e+02,2.525469395311207357e-02
1.920000000000000000e+02,2.524657988877729645e-02
1.930000000000000000e+02,2.523921106283814539e-02
1.940000000000000000e+02,2.523260169086143784e-02
1.950000000000000000e+02,2.522675409752188694e-02
1.960000000000000000e+02,2.522163341722362742e-02
1.970000000000000000e+02,2.521732349359375597e-02
1.980000000000000000e+02,2.521377507594482065e-02
1.990000000000000000e+02,2.521103637280593113e-02
2.000000000000000000e+02,2.520906676168590058e-02
2.010000000000000000e+02,2.520788209407191088e-02
2.020000000000000000e+02,2.520747620877936829e-02
2.030000000000000000e+02,2.520628797272926602e-02
2.040000000000000000e+02,2.520428776406788418e-02
2.050000000000000000e+02,2.520150250737166267e-02
2.060000000000000000e+02,2.519787893661704428e-02
2.070000000000000000e+02,2.519347007272162639e-02
2.080000000000000000e+02,2.518822880464226255e-02
2.090000000000000000e+02,2.518222635459361688e-02
2.100000000000000000e+02,2.517535062783783639e-02
2.110000000000000000e+02,2.516764008531125613e-02
2.120000000000000000e+02,2.515914258246397528e-02
2.130000000000000000e+02,2.514979676823706281e-02
2.140000000000000000e+02,2.513960886274362386e-02
2.150000000000000000e+02,2.512859589567998514e-02
2.160000000000000000e+02,2.511674732098436238e-02
2.170000000000000000e+02,2.510405647869793158e-02
2.180000000000000000e+02,2.509053255908529761e-02
2.190000000000000000e+02,2.507615820217737670e-02
2.200000000000000000e+02,2.506091118726704037e-02
2.210000000000000000e+02,2.504481343907330460e-02
2.220000000000000000e+02,2.502790138816786414e-02
2.230000000000000000e+02,2.501012064234467425e-02
2.240000000000000000e+02,2.499147563368314326e-02
2.250000000000000000e+02,2.497200284801357612e-02
2.260000000000000000e+02,2.495165607964680218e-02
2.270000000000000000e+02,2.493042880934823874e-02
2.280000000000000000e+02,2.490840676006683338e-02
2.290000000000000000e+02,2.488547151398781687e-02
2.300000000000000000e+02,2.486169713253306990e-02
2.310000000000000000e+02,2.483706398065017862e-02
2.320000000000000000e+02,2.481160358125615237e-02
2.330000000000000000e+02,2.478522095474597342e-02
2.340000000000000000e+02,2.475803942807212887e-02
2.350000000000000000e+02,2.472998124616788626e-02
2.360000000000000000e+02,2.470105045956418055e-02
2.370000000000000000e+02,2.467126850639894675e-02
2.380000000000000000e+02,2.464064989699085023e-02
2.390000000000000000e+02,2.460918791576132900e-02
2.400000000000000000e+02,2.457683050105100367e-02
2.410000000000000000e+02,2.454365129348489577e-02
2.420000000000000000e+02,2.450964934483196647e-02
2.430000000000000000e+02,2.447477154096685398e-02
2.440000000000000000e+02,2.443907477070605960e-02
2.450000000000000000e+02,2.440251074817326171e-02
2.460000000000000000e+02,2.436512445349012235e-02
2.470000000000000000e+02,2.432690304192776723e-02
2.480000000000000000e+02,2.428783282063079821e-02
2.490000000000000000e+02,2.424797226895405652e-02
2.500000000000000000e+02,2.420724377766268406e-02
2.510000000000000000e+02,2.417439283190406241e-02
2.520000000000000000e+02,2.416113792766165155e-02
2.530000000000000000e+02,2.414795562881881519e-02
2.540000000000000000e+02,2.413536002707977399e-02
2.550000000000000000e+02,2.412275790974921161e-02
2.560000000000000000e+02,2.411064698031124831e-02
2.570000000000000000e+02,2.409859627331488105e-02
2.580000000000000000e+02,2.408694233910470273e-02
2.590000000000000000e+02,2.407547302120916638e-02
2.600000000000000000e+02,2.406438196999734214e-02
2.610000000000000000e+02,2.405355725000807646e-02
2.620000000000000000e+02,2.404299718221331039e-02
2.630000000000000000e+02,2.403279550663163511e-02
2.640000000000000000e+02,2.402280285616515548e-02
2.650000000000000000e+02,2.401314547912854896e-02
2.660000000000000000e+02,2.400370101436389084e-02
2.670000000000000000e+02,2.399452196051740996e-02
2.680000000000000000e+02,2.398564119514902393e-02
2.690000000000000000e+02,2.397697193137528215e-02
2.700000000000000000e+02,2.396860823950642747e-02
2.710000000000000000e+02,2.396050546880689955e-02
2.720000000000000000e+02,2.395267881797673998e-02
2.730000000000000000e+02,2.394512858157114496e-02
2.740000000000000000e+02,2.393783042743811984e-02
2.750000000000000000e+02,2.393076760355156152e-02
2.760000000000000000e+02,2.392401022141652997e-02
2.770000000000000000e+02,2.391747946975112532e-02
2.780000000000000000e+02,2.391122530435519158e-02
2.790000000000000000e+02,2.390521145777241979e-02
2.800000000000000000e+02,2.389948136434354165e-02
2.810000000000000000e+02,2.389395888561889406e-02
2.820000000000000000e+02,2.388875864960466819e-02
2.830000000000000000e+02,2.388376431282812629e-02
2.840000000000000000e+02,2.387902736702177814e-02
2.850000000000000000e+02,2.387455698108665453e-02
2.860000000000000000e+02,2.387035624294900696e-02
2.870000000000000000e+02,2.386638867649345380e-02
2.880000000000000000e+02,2.386267971823607600e-02
2.890000000000000000e+02,2.385922664476609889e-02
2.900000000000000000e+02,2.385603523530133857e-02
2.910000000000000000e+02,2.385307343396695506e-02
2.920000000000000000e+02,2.385039454841434911e-02
2.930000000000000000e+02,2.384795340760480220e-02
2.940000000000000000e+02,2.384577146581657453e-02
2.950000000000000000e+02,2.384382862306767825e-02
2.960000000000000000e+02,2.384215339944473558e-02
2.970000000000000000e+02,2.384075141285869198e-02
2.980000000000000000e+02,2.383957688799537983e-02
2.990000000000000000e+02,2.383868234709820774e-02
3.000000000000000000e+02,2.383803928648488626e-02
3.010000000000000000e+02,2.383764557677956267e-02
3.020000000000000000e+02,2.383753226723667878e-02
3.030000000000000000e+02,2.383713917755982126e-02
3.040000000000000000e+02,2.383646546272206665e-02
3.050000000000000000e+02,2.383557384397711962e-02
3.060000000000000000e+02,2.383438739668688675e-02
3.070000000000000000e+02,2.383294826451588105e-02
3.080000000000000000e+02,2.383127318472876705e-02
3.090000000000000000e+02,2.382930406965950293e-02
3.100000000000000000e+02,2.382704882335428750e-02
3.110000000000000000e+02,2.382455874825531797e-02
3.120000000000000000e+02,2.382180183015578795e-02
3.130000000000000000e+02,2.381877730268384258e-02
3.140000000000000000e+02,2.381549942340529386e-02
3.150000000000000000e+02,2.381193438289407396e-02
3.160000000000000000e+02,2.380813072437693717e-02
3.170000000000000000e+02,2.380404182482474471e-02
3.180000000000000000e+02,2.379969112495116876e-02
3.190000000000000000e+02,2.379505666620545731e-02
3.200000000000000000e+02,2.379014102062102995e-02
3.210000000000000000e+02,2.378499111410123032e-02
3.220000000000000000e+02,2.377956321165226872e-02
3.230000000000000000e+02,2.377386642368998701e-02
3.240000000000000000e+02,2.376788861197336525e-02
3.250000000000000000e+02,2.376168588698000447e-02
3.260000000000000000e+02,2.375516149201425259e-02
3.270000000000000000e+02,2.374843371594384175e-02
3.280000000000000000e+02,2.374137216266385131e-02
3.290000000000000000e+02,2.373409730766209980e-02
3.300000000000000000e+02,2.372653761064472469e-02
3.310000000000000000e+02,2.371871037629501300e-02
3.320000000000000000e+02,2.371061985508471012e-02
3.330000000000000000e+02,2.370229724564607357e-02
3.340000000000000000e+02,2.369365863541491105e-02
3.350000000000000000e+02,2.368480983618766536e-02
3.360000000000000000e+02,2.367567186576933005e-02
3.370000000000000000e+02,2.366628280898198586e-02
3.380000000000000000e+02,2.365662964385237613e-02
3.390000000000000000e+02,2.364670496813759543e-02
3.400000000000000000e+02,2.363656339373347223e-02
3.410000000000000000e+02,2.362613864858260915e-02
3.420000000000000000e+02,2.361545393039459970e-02
3.430000000000000000e+02,2.360451408501049175e-02
3.440000000000000000e+02,2.359332996960837939e-02
3.450000000000000000e+02,2.358190438238771947e-02
3.460000000000000000e+02,2.357022843095536724e-02
3.470000000000000000e+02,2.355827718850154323e-02
3.480000000000000000e+02,2.354608287659509108e-02
3.490000000000000000e+02,2.353364787824263615e-02
3.500000000000000000e+02,2.352097414498768510e-02
3.510000000000000000e+02,2.351128183638473770e-02
3.520000000000000000e+02,2.351101080062290016e-02
3.530000000000000000e+02,2.351073830355848715e-02
3.540000000000000000e+02,2.351049610860010686e-02
3.550000000000000000e+02,2.351023042083165079e-02
3.560000000000000000e+02,2.350997621624453110e-02
3.570000000000000000e+02,2.350971989611061463e-02
3.580000000000000000e+02,2.350947128507583847e-02
3.590000000000000000e+02,2.350921561295154019e-02
3.600000000000000000e+02,2.350899941777312777e-02
3.610000000000000000e+02,2.350877584165794384e-02
3.620000000000000000e+02,2.350857259843358235e-02
3.630000000000000000e+02,2.350836121022643194e-02
3.640000000000000000e+02,2.350817876731902886e-02
3.650000000000000000e+02,2.350798676120330680e-02
3.660000000000000000e+02,2.350779829907310298e-02
3.670000000000000000e+02,2.350759880036000851e-02
3.680000000000000000e+02,2.350742167892452480e-02
3.690000000000000000e+02,2.350722143602238662e-02
3.700000000000000000e+02,2.350708036136035795e-02
3.710000000000000000e+02,2.350692801542168114e-02
3.720000000000000000e+02,2.350676046298078720e-02
3.730000000000000000e+02,2.350660848179260409e-02
3.740000000000000000e+02,2.350647024588245829e-02
3.750000000000000000e+02,2.350632450412522625e-02
3.760000000000000000e+02,2.350620130421817930e-02
3.770000000000000000e+02,2.350606185679533430e-02
3.780000000000000000e+02,2.350593821682316065e-02
3.790000000000000000e+02,2.350581427461361297e-02
3.800000000000000000e+02,2.350570249647107243e-02
3.810000000000000000e+02,2.350558690146332258e-02
3.820000000000000000e+02,2.350547793109589167e-02
3.830000000000000000e+02,2.350538213744714569e-02
3.840000000000000000e+02,2.350527937095577696e-02
3.850000000000000000e+02,2.350518606358505819e-02
3.860000000000000000e+02,2.350510833712618486e-02
3.870000000000000000e+02,2.350503810829436546e-02
3.880000000000000000e+02,2.350497415092399692e-02
3.890000000000000000e+02,2.350489172605159383e-02
3.900000000000000000e+02,2.350482885499540972e-02
3.910000000000000000e+02,2.350475603409349357e-02
3.920000000000000000e+02,2.350470227777836513e-02
3.930000000000000000e+02,2.350467272756628923e-02
3.940000000000000000e+02,2.350461622827032526e-02
3.950000000000000000e+02,2.350456546836270089e-02
3.960000000000000000e+02,2.350453542797837844e-02
3.970000000000000000e+02,2.350451753394991808e-02
3.980000000000000000e+02,2.350451080991121031e-02
3.990000000000000000e+02,2.350446959212881132e-02
4.000000000000000000e+02,2.350447790284212329e-02
4.010000000000000000e+02,2.350445108030799549e-02
4.020000000000000000e+02,2.350445472441419978e-02
4.030000000000000000e+02,2.350443455175600660e-02
4.040000000000000000e+02,2.350443314749525031e-02
4.050000000000000000e+02,2.350441213454811107e-02
4.060000000000000000e+02,2.350438750479920055e-02
4.070000000000000000e+02,2.350436725007246791e-02
4.080000000000000000e+02,2.350432024390798624e-02
4.090000000000000000e+02,2.350428102280956860e-02
4.100000000000000000e+02,2.350425968355568038e-02
4.110000000000000000e+02,2.350418468728884130e-02
4.120000000000000000e+02,2.350414708818026471e-02
4.130000000000000000e+02,2.350407341057735369e-02
4.140000000000000000e+02,2.350400083579501018e-02
4.150000000000000000e+02,2.350391469525549976e-02
4.160000000000000000e+02,2.350383612971237990e-02
4.170000000000000000e+02,2.350376957400935121e-02
4.180000000000000000e+02,2.350366759073385658e-02
4.190000000000000000e+02,2.350358675784878365e-02
4.200000000000000000e+02,2.350348481136399839e-02
4.210000000000000000e+02,2.350338218889329311e-02
4.220000000000000000e+02,2.350326937337243044e-02
4.230000000000000000e+02,2.350316746462765768e-02
4.240000000000000000e+02,2.350302844960146936e-02
4.250000000000000000e+02,2.350289952151151870e-02
4.260000000000000000e+02,2.350277752147897012e-02
4.270000000000000000e+02,2.350262857324303054e-02
4.280000000000000000e+02,2.350248030970240182e-02
4.290000000000000000e+02,2.350232100813286554e-02
4.300000000000000000e+02,2.350217682606058761e-02
4.310000000000000000e+02,2.350203482880967518e-02
4.320000000000000000e+02,2.350184376815570714e-02
4.330000000000000000e+02,2.350167384049484109e-02
4.340000000000000000e+02,2.350150760300958805e-02
4.350000000000000000e+02,2.350131803205540715e-02
4.360000000000000000e+02,2.350114847332483367e-02
4.370000000000000000e+02,2.350094324561276954e-02
4.380000000000000000e+02,2.350070745593874771e-02
4.390000000000000000e+02,2.350052648638418368e-02
4.400000000000000000e+02,2.350030660006423647e-02
4.410000000000000000e+02,2.350010915004913450e-02
4.420000000000000000e+02,2.349989162906538850e-02
4.430000000000000000e+02,2.349963630324286221e-02
4.440000000000000000e+02,2.349941757307727128e-02
4.450000000000000000e+02,2.349917098817598179e-02
4.460000000000000000e+02,2.349891938574718425e-02
4.470000000000000000e+02,2.349866423319566661e-02
4.480000000000000000e+02,2.349839602274185826e-02
4.490000000000000000e+02,2.349814425405114676e-02
4.500000000000000000e+02,2.349785980097612165e-02
4.510000000000000000e+02,2.349759638889645924e-02
4.520000000000000000e+02,2.349730137628265603e-02
4.530000000000000000e+02,2.349704208528444888e-02
4.540000000000000000e+02,2.349675632239349443e-02
4.550000000000000000e+02,2.349649312621296740e-02
4.560000000000000000e+02,2.349622296796153448e-02
4.570000000000000000e+02,2.349597215008300891e-02
4.580000000000000000e+02,2.349572200462412067e-02
4.590000000000000000e+02,2.349545244793718735e-02
4.600000000000000000e+02,2.349524900346941850e-02
4.610000000000000000e+02,2.349500162134940395e-02
4.620000000000000000e+02,2.349477663459654392e-02
4.630000000000000000e+02,2.349454802913270718e-02
4.640000000000000000e+02,2.349431379361639413e-02
4.650000000000000000e+02,2.349411044794201889e-02
4.660000000000000000e+02,2.349391544186385863e-02
4.670000000000000000e+02,2.349369716193261751e-02
4.680000000000000000e+02,2.349349334176667470e-02
4.690000000000000000e+02,2.349334319064805970e-02
4.700000000000000000e+02,2.349314672915802510e-02
4.710000000000000000e+02,2.349294409735454975e-02
4.720000000000000000e+02,2.349275842956262406e-02
4.730000000000000000e+02,2.349260611903279325e-02
4.740000000000000000e+02,2.349244741109312792e-02
4.750000000000000000e+02,2.349229041439696714e-02
4.760000000000000000e+02,2.349213496066052120e-02
4.770000000000000000e+02,2.349197089652464362e-02
4.780000000000000000e+02,2.349185384722064437e-02
4.790000000000000000e+02,2.349171044499870700e-02
4.800000000000000000e+02,2.349156341303049525e-02
4.810000000000000000e+02,2.349145728295303978e-02
4.820000000000000000e+02,2.349132980854587091e-02
4.830000000000000000e+02,2.349119817557877507e-02
4.840000000000000000e+02,2.349110724569716813e-02
4.850000000000000000e+02,2.349102898492222771e-02
4.860000000000000000e+02,2.349089813473267258e-02
4.870000000000000000e+02,2.349082364126038949e-02
4.880000000000000000e+02,2.349074213909267336e-02
4.890000000000000000e+02,2.349064613321223682e-02
4.900000000000000000e+02,2.349059997451207263e-02
4.910000000000000000e+02,2.349051389628229597e-02
4.920000000000000000e+02,2.349046150598553540e-02
4.930000000000000000e+02,2.349038885833178505e-02
4.940000000000000000e+02,2.349034200705102035e-02
4.950000000000000000e+02,2.349029165372345379e-02
4.960000000000000000e+02,2.349026803134059496e-02
4.970000000000000000e+02,2.349024032306906706e-02
4.980000000000000000e+02,2.349021604271889219e-02
4.990000000000000000e+02,2.349017367052982919e-02
5.000000000000000000e+02,2.349017206035431196e-02
5.010000000000000000e+02,2.349018061259426984e-02
5.020000000000000000e+02,2.349015260343995798e-02
5.030000000000000000e+02,2.349015114277102495e-02
5.040000000000000000e+02,2.349013311074555146e-02
5.050000000000000000e+02,2.349012159957996129e-02
5.060000000000000000e+02,2.349006256031060599e-02
5.070000000000000000e+02,2.349004883965298551e-02
5.080000000000000000e+02,2.349001715168343510e-02
5.090000000000000000e+02,2.348997754988839393e-02
5.100000000000000000e+02,2.348991265457585700e-02
5.110000000000000000e+02,2.348985088448677858e-02
5.120000000000000000e+02,2.348979514878045752e-02
5.130000000000000000e+02,2.348973752122676673e-02
5.140000000000000000e+02,2.348966663004011662e-02
5.150000000000000000e+02,2.348957644702759709e-02
5.160000000000000000e+02,2.348950389676313782e-02
5.170000000000000000e+02,2.348939040052298172e-02
5.180000000000000000e+02,2.348932064593092436e-02
5.190000000000000000e+02,2.348918712531363265e-02
5.200000000000000000e+02,2.348906952191379821e-02
5.210000000000000000e+02,2.348894982040268878e-02
5.220000000000000000e+02,2.348883965526740031e-02
5.230000000000000000e+02,2.348870479211131318e-02
5.240000000000000000e+02,2.348856479800695216e-02
5.250000000000000000e+02,2.348842582399576079e-02
5.260000000000000000e+02,2.348827848958635195e-02
5.270000000000000000e+02,2.348813005189203870e-02
5.280000000000000000e+02,2.348795741982057789e-02
5.290000000000000000e+02,2.348779386015973844e-02
5.300000000000000000e+02,2.348760028184578713e-02
5.310000000000000000e+02,2.348744994313864062e-02
5.320000000000000000e+02,2.348725384026854879e-02
5.330000000000000000e+02,2.348706580030938268e-02
5.340000000000000000e+02,2.348684512291865367e-02
5.350000000000000000e+02,2.348665658385913624e-02
5.360000000000000000e+02,2.348643638877356485e-02
5.370000000000000000e+02,2.348619399215622072e-02
5.380000000000000000e+02,2.348598294318079288e-02
5.390000000000000000e+02,2.348573282412445146e-02
5.400000000000000000e+02,2.348551262829435063e-02
5.410000000000000000e+02,2.348526204293738262e-02
5.420000000000000000e+02,2.348501336907932863e-02
5.430000000000000000e+02,2.348475032375369961e-02
5.440000000000000000e+02,2.348448534545337016e-02
5.450000000000000000e+02,2.348422627117498218e-02
5.460000000000000000e+02,2.348394303310785344e-02
5.470000000000000000e+02,2.348365594635420245e-02
5.480000000000000000e+02,2.348336238597388895e-02
5.490000000000000000e+02,2.348306702014415354e-02
5.500000000000000000e+02,2.348275965545240304e-02
5.510000000000000000e+02,2.348243916109317431e-02
5.520000000000000000e+02,2.348213865498290781e-02
5.530000000000000000e+02,2.348182445999354162e-02
5.540000000000000000e+02,2.348149991745373394e-02
5.550000000000000000e+02,2.348121445361663409e-02
5.560000000000000000e+02,2.348092161243137480e-02
5.570000000000000000e+02,2.348063429374448036e-02
5.580000000000000000e+02,2.348036304829328666e-02
5.590000000000000000e+02,2.348008765522377472e-02
5.600000000000000000e+02,2.347980483959314843e-02
5.610000000000000000e+02,2.347954164971702631e-02
5.620000000000000000e+02,2.347928487173502748e-02
5.630000000000000000e+02,2.347902448952693052e-02
5.640000000000000000e+02,2.347879618883121425e-02
5.650000000000000000e+02,2.347855543971513401e-02
5.660000000000000000e+02,2.347832881066708524e-02
5.670000000000000000e+02,2.347809430220840904e-02
5.680000000000000000e+02,2.347788115679062468e-02
5.690000000000000000e+02,2.347766812237881209e-02
5.700000000000000000e+02,2.347746031034081068e-02
5.710000000000000000e+02,2.347727159612920944e-02
5.720000000000000000e+02,2.347704837336288611e-02
5.730000000000000000e+02,2.347688210221966776e-02
5.740000000000000000e+02,2.347668148120655648e-02
5.750000000000000000e+02,2.347651475234076301e-02
5.760000000000000000e+02,2.347633977438379205e-02
5.770000000000000000e+02,2.347618388094908221e-02
5.780000000000000000e+02,2.347604185313276540e-02
5.790000000000000000e+02,2.347587833444762795e-02
5.800000000000000000e+02,2.347572271074872471e-02
5.810000000000000000e+02,2.347557264678023711e-02
5.820000000000000000e+02,2.347547342043546439e-02
5.830000000000000000e+02,2.347532203557939692e-02
5.840000000000000000e+02,2.347519645868584998e-02
5.850000000000000000e+02,2.347507094364023952e-02
5.860000000000000000e+02,2.347496196585721270e-02
5.870000000000000000e+02,2.347488190696054786e-02
5.880000000000000000e+02,2.347479958774433689e-02
5.890000000000000000e+02,2.347472555893499041e-02
5.900000000000000000e+02,2.347462214137566172e-02
5.910000000000000000e+02,2.347454349775566010e-02
5.920000000000000000e+02,2.347447633522086255e-02
5.930000000000000000e+02,2.347441190380472956e-02
5.940000000000000000e+02,2.347437241446547265e-02
5.950000000000000000e+02,2.347431060158528676e-02
5.960000000000000000e+02,2.347424752270244400e-02
5.970000000000000000e+02,2.347424100942914829e-02
5.980000000000000000e+02,2.347420341104778166e-02
5.990000000000000000e+02,2.347417965820467606e-02
6.000000000000000000e+02,2.347415339342489443e-02
6.010000000000000000e+02,2.347414991437419066e-02
6.020000000000000000e+02,2.347414692832758623e-02
6.030000000000000000e+02,2.347414460840295883e-02
6.040000000000000000e+02,2.347411771931030844e-02
6.050000000000000000e+02,2.347412338577384988e-02
6.060000000000000000e+02,2.347407135046224863e-02
6.070000000000000000e+02,2.347403337875304807e-02
6.080000000000000000e+02,2.347399222383174389e-02
6.090000000000000000e+02,2.347393362874116915e-02
6.100000000000000000e+02,2.347390249251001676e-02
6.110000000000000000e+02,2.347382170548592897e-02
6.120000000000000000e+02,2.347376965042930613e-02
6.130000000000000000e+02,2.347366950886478273e-02
6.140000000000000000e+02,2.347359184573257276e-02
6.150000000000000000e+02,2.347349672746855062e-02
6.160000000000000000e+02,2.347340650250043931e-02
6.170000000000000000e+02,2.347330132977704445e-02
6.180000000000000000e+02,2.347318295090438517e-02
6.190000000000000000e+02,2.347305800899587153e-02
6.200000000000000000e+02,2.347296065373720084e-02
6.210000000000000000e+02,2.347282686987760617e-02
6.220000000000000000e+02,2.347267383443650893e-02
6.230000000000000000e+02,2.347255452634778097e-02
6.240000000000000000e+02,2.347238946441969343e-02
6.250000000000000000e+02,2.347221751200692999e-02
6.260000000000000000e+02,2.347204795770613944e-02
6.270000000000000000e+02,2.347188294135186051e-02
6.280000000000000000e+02,2.347171210950077871e-02
6.290000000000000000e+02,2.347150462805046994e-02
6.300000000000000000e+02,2.347133259067047187e-02
6.310000000000000000e+02,2.347112220136777019e-02
6.320000000000000000e+02,2.347091889459199457e-02
6.330000000000000000e+02,2.347069363918149673e-02
6.340000000000000000e+02,2.347049003631123190e-02
6.350000000000000000e+02,2.347026018952442020e-02
6.360000000000000000e+02,2.347000667231589205e-02
6.370000000000000000e+02,2.346977939941876853e-02
6.380000000000000000e+02,2.346951925614940496e-02
6.390000000000000000e+02,2.346927678618744573e-02
6.400000000000000000e+02,2.346898092364614608e-02
6.410000000000000000e+02,2.346874734494687822e-02
6.420000000000000000e+02,2.346844836725126698e-02
6.430000000000000000e+02,2.346817330644333094e-02
6.440000000000000000e+02,2.346787029904649421e-02
6.450000000000000000e+02,2.346758371619910716e-02
6.460000000000000000e+02,2.346727145573750811e-02
6.470000000000000000e+02,2.346695856639031616e-02
6.480000000000000000e+02,2.346665165872392073e-02
6.490000000000000000e+02,2.346631587647958830e-02
6.500000000000000000e+02,2.346597840247420519e-02
6.510000000000000000e+02,2.346564119585337754e-02
6.520000000000000000e+02,2.346527568694540059e-02
6.530000000000000000e+02,2.346494626421731164e-02
6.540000000000000000e+02,2.346460416561874790e-02
6.550000000000000000e+02,2.346427330004447961e-02
6.560000000000000000e+02,2.346395512035193143e-02
6.570000000000000000e+02,2.346364411489530385e-02
6.580000000000000000e+02,2.346332973735315922e-02
6.590000000000000000e+02,2.346302340432906280e-02
6.600000000000000000e+02,2.346273718341631079e-02
6.610000000000000000e+02,2.346244006887613504e-02
6.620000000000000000e+02,2.346217220295405623e-02
6.630000000000000000e+02,2.346189488276759563e-02
6.640000000000000000e+02,2.346162435199494051e-02
6.650000000000000000e+02,2.346135585669457957e-02
6.660000000000000000e+02,2.346110156646665640e-02
6.670000000000000000e+02,2.346085084313739161e-02
6.680000000000000000e+02,2.346061050827052269e-02
6.690000000000000000e+02,2.346036860475794045e-02
6.700000000000000000e+02,2.346014605008455225e-02
6.710000000000000000e+02,2.345993243411256812e-02
6.720000000000000000e+02,2.345971888037833020e-02
6.730000000000000000e+02,2.345950461477044890e-02
6.740000000000000000e+02,2.345930409916600901e-02
6.750000000000000000e+02,2.345913325277994635e-02
6.760000000000000000e+02,2.345892686512924055e-02
6.770000000000000000e+02,2.345872409832428299e-02
6.780000000000000000e+02,2.345856329372953894e-02
6.790000000000000000e+02,2.345841603884211285e-02
6.800000000000000000e+02,2.345823264571465089e-02
6.810000000000000000e+02,2.345807901195673742e-02
6.820000000000000000e+02,2.345794014145689485e-02
6.830000000000000000e+02,2.345781246708405349e-02
6.840000000000000000e+02,2.345767694901792003e-02
6.850000000000000000e+02,2.345757615210439934e-02
6.860000000000000000e+02,2.345743958675333349e-02
6.870000000000000000e+02,2.345731463006251252e-02
6.880000000000000000e+02,2.345720881447545952e-02
6.890000000000000000e+02,2.345714314857297311e-02
6.900000000000000000e+02,2.345701961602795690e-02
6.910000000000000000e+02,2.345692950368064369e-02
6.920000000000000000e+02,2.345688084752240929e-02
6.930000000000000000e+02,2.345680488107770162e-02
6.940000000000000000e+02,2.345675125654266349e-02
6.950000000000000000e+02,2.345670441153660871e-02
6.960000000000000000e+02,2.345666334107640930e-02
6.970000000000000000e+02,2.345662109474526760e-02
6.980000000000000000e+02,2.345656615151110735e-02
6.990000000000000000e+02,2.345655067097055305e-02
7.000000000000000000e+02,2.345652076229470806e-02
7.010000000000000000e+02,2.345650769088148541e-02
7.020000000000000000e+02,2.345650674814961367e-02
7.030000000000000000e+02,2.345652593142848186e-02
7.040000000000000000e+02,2.345649541735530391e-02
7.050000000000000000e+02,2.345647445410876941e-02
7.060000000000000000e+02,2.345642259316706169e-02
7.070000000000000000e+02,2.345639938024571269e-02
7.080000000000000000e+02,2.345636897359762441e-02
7.090000000000000000e+02,2.345629081835197416e-02
7.100000000000000000e+02,2.345619890760118967e-02
7.110000000000000000e+02,2.345616419444864278e-02
7.120000000000000000e+02,2.345608014172512190e-02
7.130000000000000000e+02,2.345602237296505466e-02
7.140000000000000000e+02,2.345589499638559700e-02
7.150000000000000000e+02,2.345580792999679351e-02
7.160000000000000000e+02,2.345572735228496769e-02
7.170000000000000000e+02,2.345557925390501577e-02
7.180000000000000000e+02,2.345546757023186935e-02
7.190000000000000000e+02,2.345533385762976764e-02
7.200000000000000000e+02,2.345521725167865404e-02
7.210000000000000000e+02,2.345508649744749985e-02
7.220000000000000000e+02,2.345492430851914972e-02
7.230000000000000000e+02,2.345477030099104784e-02
7.240000000000000000e+02,2.345456583681890944e-02
7.250000000000000000e+02,2.345441703999555719e-02
7.260000000000000000e+02,2.345424711311702715e-02
7.270000000000000000e+02,2.345403235528815966e-02
7.280000000000000000e+02,2.345382790891231001e-02
7.290000000000000000e+02,2.345363871451657325e-02
7.300000000000000000e+02,2.345344046654836145e-02
7.310000000000000000e+02,2.345321427657203611e-02
7.320000000000000000e+02,2.345298512350224573e-02
7.330000000000000000e+02,2.345276405203741699e-02
7.340000000000000000e+02,2.345253850067404583e-02
7.350000000000000000e+02,2.345227236447794752e-02
7.360000000000000000e+02,2.345201460834225524e-02
7.370000000000000000e+02,2.345175057690408044e-02
7.380000000000000000e+02,2.345146763150629185e-02
7.390000000000000000e+02,2.345121355303445704e-02
7.400000000000000000e+02,2.345091367647524766e-02
7.410000000000000000e+02,2.345061752096172167e-02
7.420000000000000000e+02,2.345031880608986971e-02
7.430000000000000000e+02,2.345001092458210562e-02
7.440000000000000000e+02,2.344970160518522126e-02
7.450000000000000000e+02,2.344935350789953757e-02
7.460000000000000000e+02,2.344903179971323179e-02
7.470000000000000000e+02,2.344868406058208885e-02
7.480000000000000000e+02,2.344833597606187092e-02
7.490000000000000000e+02,2.344799127378247028e-02
7.500000000000000000e+02,2.344763753044416116e-02
7.510000000000000000e+02,2.344723108002462822e-02
7.520000000000000000e+02,2.344686184990115232e-02
7.530000000000000000e+02,2.344649481864058416e-02
7.540000000000000000e+02,2.344613782917009948e-02
7.550000000000000000e+02,2.344576952104182252e-02
7.560000000000000000e+02,2.344542149555657942e-02
7.570000000000000000e+02,2.344506848647271574e-02
7.580000000000000000e+02,2.344474212090744483e-02
7.590000000000000000e+02,2.344440520037035028e-02
7.600000000000000000e+02,2.344408796270288156e-02
7.610000000000000000e+02,2.344377554805847710e-02
7.620000000000000000e+02,2.344347066220844877e-02
7.630000000000000000e+02,2.344316104813238058e-02
7.640000000000000000e+02,2.344287370312965121e-02
7.650000000000000000e+02,2.344259535074850673e-02
7.660000000000000000e+02,2.344230896940116549e-02
7.670000000000000000e+02,2.344203944137239828e-02
7.680000000000000000e+02,2.344179196038572582e-02
7.690000000000000000e+02,2.344152987082564338e-02
7.700000000000000000e+02,2.344128427401857492e-02
7.710000000000000000e+02,2.344104458356409404e-02
7.720000000000000000e+02,2.344082057188663637e-02
7.730000000000000000e+02,2.344058567869276855e-02
7.740000000000000000e+02,2.344038950068278587e-02
7.750000000000000000e+02,2.344016970749715142e-02
7.760000000000000000e+02,2.343993953031564548e-02
7.770000000000000000e+02,2.343975674430337150e-02
7.780000000000000000e+02,2.343957479494229723e-02
7.790000000000000000e+02,2.343939675711085441e-02
7.800000000000000000e+02,2.343920368080622610e-02
7.810000000000000000e+02,2.343905763323408595e-02
7.820000000000000000e+02,2.343890923716223165e-02
7.830000000000000000e+02,2.343875438460928454e-02
7.840000000000000000e+02,2.343860960263062856e-02
7.850000000000000000e+02,2.343846639787356897e-02
7.860000000000000000e+02,2.343833943567804126e-02
7.870000000000000000e+02,2.343822279063653355e-02
7.880000000000000000e+02,2.343811587345440151e-02
7.890000000000000000e+02,2.343800924237531350e-02
7.900000000000000000e+02,2.343789420024370088e-02
7.910000000000000000e+02,2.343783684380861682e-02
7.920000000000000000e+02,2.343773897485419352e-02
7.930000000000000000e+02,2.343764917495646735e-02
7.940000000000000000e+02,2.343758883675524721e-02
7.950000000000000000e+02,2.343753954579792451e-02
7.960000000000000000e+02,2.343748974254771314e-02
7.970000000000000000e+02,2.343745819941618624e-02
7.980000000000000000e+02,2.343740731115113302e-02
7.990000000000000000e+02,2.343738042473612546e-02
8.000000000000000000e+02,2.343737067228214566e-02
8.010000000000000000e+02,2.343735735556461489e-02
8.020000000000000000e+02,2.343736434530779497e-02
8.030000000000000000e+02,2.343734088936175533e-02
8.040000000000000000e+02,2.343732908720257482e-02
8.050000000000000000e+02,2.343729573060025773e-02
8.060000000000000000e+02,2.343724485679703207e-02
8.070000000000000000e+02,2.343720584598642243e-02
8.080000000000000000e+02,2.343715409700330293e-02
8.090000000000000000e+02,2.343710639780718571e-02
8.100000000000000000e+02,2.343702932144384188e-02
8.110000000000000000e+02,2.343694791190777116e-02
8.120000000000000000e+02,2.343687380882595803e-02
8.130000000000000000e+02,2.343678259107661796e-02
8.140000000000000000e+02,2.343669402038568023e-02
8.150000000000000000e+02,2.343659381614671827e-02
8.160000000000000000e+02,2.343645857584494840e-02
8.170000000000000000e+02,2.343635487176167279e-02
8.180000000000000000e+02,2.343621034419151455e-02
8.190000000000000000e+02,2.343607395752410685e-02
8.200000000000000000e+02,2.343593251768471414e-02
8.210000000000000000e+02,2.343577546766860767e-02
8.220000000000000000e+02,2.343562193094390206e-02
8.230000000000000000e+02,2.343543855055382763e-02
8.240000000000000000e+02,2.343526839934821290e-02
8.250000000000000000e+02,2.343505337849330697e-02
8.260000000000000000e+02,2.343488375359447512e-02
8.270000000000000000e+02,2.343468180463547865e-02
8.280000000000000000e+02,2.343448472961590090e-02
8.290000000000000000e+02,2.343424656613243146e-02
8.300000000000000000e+02,2.343404045918583839e-02
8.310000000000000000e+02,2.343377607130039258e-02
8.320000000000000000e+02,2.343353751965801882e-02
8.330000000000000000e+02,2.343329453062651183e-02
8.340000000000000000e+02,2.343304287395995417e-02
8.350000000000000000e+02,2.343275418264156515e-02
8.360000000000000000e+02,2.343247937579814172e-02
8.370000000000000000e+02,2.343219618251024192e-02
8.380000000000000000e+02,2.343191776473705148e-02
8.390000000000000000e+02,2.343160997894650974e-02
8.400000000000000000e+02,2.343127172887161935e-02
8.410000000000000000e+02,2.343098731760264591e-02
8.420000000000000000e+02,2.343065321002405291e-02
8.430000000000000000e+02,2.343032041148604416e-02
8.440000000000000000e+02,2.342997956297181161e-02
8.450000000000000000e+02,2.342963279432515311e-02
8.460000000000000000e+02,2.342926495555888375e-02
8.470000000000000000e+02,2.342892233153048495e-02
8.480000000000000000e+02,2.342851352515447350e-02
8.490000000000000000e+02,2.342812521378663179e-02
8.500000000000000000e+02,2.342774394418874195e-02
8.510000000000000000e+02,2.342735840974852560e-02
8.520000000000000000e+02,2.342693822680072535e-02
8.530000000000000000e+02,2.342653615046885046e-02
8.540000000000000000e+02,2.342615196384134971e-02
8.550000000000000000e+02,2.342577304661182594e-02
8.560000000000000000e+02,2.342538860604012965e-02
8.570000000000000000e+02,2.342501751447471914e-02
8.580000000000000000e+02,2.342465199365773715e-02
8.590000000000000000e+02,2.342427453670506421e-02
8.600000000000000000e+02,2.342395294529480212e-02
8.610000000000000000e+02,2.342361897443029362e-02
8.620000000000000000e+02,2.342329309749332025e-02
8.630000000000000000e+02,2.342294543531804607e-02
8.640000000000000000e+02,2.342265142123379357e-02
8.650000000000000000e+02,2.342234883541107968e-02
8.660000000000000000e+02,2.342203757836944927e-02
8.670000000000000000e+02,2.342174697129556504e-02
8.680000000000000000e+02,2.342147556416125306e-02
8.690000000000000000e+02,2.342118129701841953e-02
8.700000000000000000e+02,2.342092402261743839e-02
8.710000000000000000e+02,2.342066850493997737e-02
8.720000000000000000e+02,2.342042452571568845e-02
8.730000000000000000e+02,2.342018183562121283e-02
8.740000000000000000e+02,2.341994495688826117e-02
8.750000000000000000e+02,2.341972469615194799e-02
8.760000000000000000e+02,2.341950724143691126e-02
8.770000000000000000e+02,2.341931421680865447e-02
8.780000000000000000e+02,2.341909351989116678e-02
8.790000000000000000e+02,2.341890602731717952e-02
8.800000000000000000e+02,2.341871208760427578e-02
8.810000000000000000e+02,2.341854129910803800e-02
8.820000000000000000e+02,2.341834760076200866e-02
8.830000000000000000e+02,2.341821708518227602e-02
8.840000000000000000e+02,2.341805290703329392e-02
8.850000000000000000e+02,2.341791163372674775e-02
8.860000000000000000e+02,2.341778337289650291e-02
8.870000000000000000e+02,2.341763288055195846e-02
8.880000000000000000e+02,2.341750992050474142e-02
8.890000000000000000e+02,2.341741170313710318e-02
8.900000000000000000e+02,2.341730136858337363e-02
8.910000000000000000e+02,2.341719853493787196e-02
8.920000000000000000e+02,2.341711554886966376e-02
8.930000000000000000e+02,2.341706252137013694e-02
8.940000000000000000e+02,2.341698271747318788e-02
8.950000000000000000e+02,2.341691928174650592e-02
8.960000000000000000e+02,2.341684941653577809e-02
8.970000000000000000e+02,2.341679659071253111e-02
8.980000000000000000e+02,2.341678047211905034e-02
8.990000000000000000e+02,2.341673886027977741e-02
9.000000000000000000e+02,2.341672552127641374e-02
9.010000000000000000e+02,2.341669173285118935e-02
9.020000000000000000e+02,2.341668518791991879e-02
9.030000000000000000e+02,2.341668612609977551e-02
9.040000000000000000e+02,2.341666899798300686e-02
9.050000000000000000e+02,2.341663561670465077e-02
9.060000000000000000e+02,2.341661220593743362e-02
9.070000000000000000e+02,2.341656406808131224e-02
9.080000000000000000e+02,2.341649971393219148e-02
9.090000000000000000e+02,2.341643838352249624e-02
9.100000000000000000e+02,2.341638789347844779e-02
9.110000000000000000e+02,2.341628515260382390e-02
9.120000000000000000e+02,2.341621272688942587e-02
9.130000000000000000e+02,2.341611128702379696e-02
9.140000000000000000e+02,2.341600942488584330e-02
9.150000000000000000e+02,2.341588907444226014e-02
9.160000000000000000e+02,2.341576256073620368e-02
9.170000000000000000e+02,2.341563601996086291e-02
9.180000000000000000e+02,2.341548035528506072e-02
9.190000000000000000e+02,2.341535209786984109e-02
9.200000000000000000e+02,2.341518562077086335e-02
9.210000000000000000e+02,2.341503137276323976e-02
9.220000000000000000e+02,2.341483488976292549e-02
9.230000000000000000e+02,2.341464607188738570e-02
9.240000000000000000e+02,2.341447273707523632e-02
9.250000000000000000e+02,2.341428719343908310e-02
9.260000000000000000e+02,2.341406266322925561e-02
9.270000000000000000e+02,2.341383589278057259e-02
9.280000000000000000e+02,2.341360819005513724e-02
9.290000000000000000e+02,2.341338455461631010e-02
9.300000000000000000e+02,2.341313888371270024e-02
9.310000000000000000e+02,2.341288533211447614e-02
9.320000000000000000e+02,2.341262206817876224e-02
9.330000000000000000e+02,2.341237932956225648e-02
9.340000000000000000e+02,2.341206266080303813e-02
9.350000000000000000e+02,2.341178702279183427e-02
9.360000000000000000e+02,2.341148650484062288e-02
9.370000000000000000e+02,2.341117592641664413e-02
9.380000000000000000e+02,2.341088385683860740e-02
9.390000000000000000e+02,2.341054291240171267e-02
9.400000000000000000e+02,2.341021999495410469e-02
9.410000000000000000e+02,2.340987092224108487e-02
9.420000000000000000e+02,2.340951375512536140e-02
9.430000000000000000e+02,2.340918155072757925e-02
9.440000000000000000e+02,2.340882553708142563e-02
9.450000000000000000e+02,2.340844647553276536e-02
9.460000000000000000e+02,2.340802544970419299e-02
9.470000000000000000e+02,2.340767091390781596e-02
9.480000000000000000e+02,2.340725074316572438e-02
9.490000000000000000e+02,2.340685309190597072e-02
9.500000000000000000e+02,2.340642720205545965e-02
9.510000000000000000e+02,2.340601648880430777e-02
9.520000000000000000e+02,2.340555509515041682e-02
9.530000000000000000e+02,2.340513201560117523e-02
9.540000000000000000e+02,2.340471229307697007e-02
9.550000000000000000e+02,2.340431571077025361e-02
9.560000000000000000e+02,2.340389749734959196e-02
9.570000000000000000e+02,2.340349531996594595e-02
9.580000000000000000e+02,2.340312915053909676e-02
9.590000000000000000e+02,2.340273977169623695e-02
9.600000000000000000e+02,2.340237944405827025e-02
9.610000000000000000e+02,2.340202020603686026e-02
9.620000000000000000e+02,2.340164433377138475e-02
9.630000000000000000e+02,2.340131906176617579e-02
9.640000000000000000e+02,2.340095842547075880e-02
9.650000000000000000e+02,2.340066215230714175e-02
9.660000000000000000e+02,2.340032675635325687e-02
9.670000000000000000e+02,2.339999967455481944e-02
9.680000000000000000e+02,2.339972683561729674e-02
9.690000000000000000e+02,2.339941219122352450e-02
9.700000000000000000e+02,2.339915223710007861e-02
9.710000000000000000e+02,2.339886183813589746e-02
9.720000000000000000e+02,2.339859923041211903e-02
9.730000000000000000e+02,2.339836113245247554e-02
9.740000000000000000e+02,2.339808648459672930e-02
9.750000000000000000e+02,2.339785783053763626e-02
9.760000000000000000e+02,2.339762330795801953e-02
9.770000000000000000e+02,2.339739704749383559e-02
9.780000000000000000e+02,2.339718130230064932e-02
9.790000000000000000e+02,2.339697503322947861e-02
9.800000000000000000e+02,2.339677363561032744e-02
9.810000000000000000e+02,2.339657263252176850e-02
9.820000000000000000e+02,2.339640709691103229e-02
9.830000000000000000e+02,2.339622662305883630e-02
9.840000000000000000e+02,2.339606652196894385e-02
9.850000000000000000e+02,2.339592945435686050e-02
9.860000000000000000e+02,2.339577143753667973e-02
9.870000000000000000e+02,2.339562345027341311e-02
9.880000000000000000e+02,2.339549393197181554e-02
9.890000000000000000e+02,2.339540011411569975e-02
9.900000000000000000e+02,2.339527804269419045e-02
9.910000000000000000e+02,2.339517350733310089e-02
9.920000000000000000e+02,2.339507370590804963e-02
9.930000000000000000e+02,2.339500334617297672e-02
9.940000000000000000e+02,2.339492054632028722e-02
9.950000000000000000e+02,2.339484920324845854e-02
9.960000000000000000e+02,2.339479252339496732e-02
9.970000000000000000e+02,2.339475097530284084e-02
9.980000000000000000e+02,2.339471312427331487e-02
9.990000000000000000e+02,2.339467088679431789e-02
1.000000000000000000e+03,2.339466329662004754e-02
