1.000000000000000000e+00,1.401447128909992834e+01
2.000000000000000000e+00,1.399576163761624947e+01
3.000000000000000000e+00,1.393141486893834902e+01
4.000000000000000000e+00,1.378874031152684054e+01
5.000000000000000000e+00,1.349445776496095384e+01
6.000000000000000000e+00,1.297279756658042871e+01
7.000000000000000000e+00,1.221763441689681073e+01
8.000000000000000000e+00,1.119546977597648230e+01
9.000000000000000000e+00,9.951714421488965456e+00
1.000000000000000000e+01,8.582632468062156406e+00
1.100000000000000000e+01,7.335388507402912595e+00
1.200000000000000000e+01,6.594250556450374390e+00
1.300000000000000000e+01,6.266250913289656665e+00
1.400000000000000000e+01,5.416200034327060209e+00
1.500000000000000000e+01,4.275079033962107644e+00
1.600000000000000000e+01,2.806282480212034525e+00
1.700000000000000000e+01,1.457732410015169622e+00
1.800000000000000000e+01,5.402718804432402600e-01
1.900000000000000000e+01,1.135054193734318928e-01
2.000000000000000000e+01,1.026103957351133938e-01
2.100000000000000000e+01,2.920607638974862530e-01
2.200000000000000000e+01,5.440394019558089100e-01
2.300000000000000000e+01,6.100199549546759803e-01
2.400000000000000000e+01,5.166028909472333286e-01
2.500000000000000000e+01,4.885094226908980319e-01
2.600000000000000000e+01,6.031267053830298153e-01
2.700000000000000000e+01,6.518865458984798300e-01
2.800000000000000000e+01,5.300528080249892193e-01
2.900000000000000000e+01,3.744730641495925272e-01
3.000000000000000000e+01,3.438332760889942219e-01
3.100000000000000000e+01,3.728078431591897446e-01
3.200000000000000000e+01,2.720438023446730691e-01
3.300000000000000000e+01,1.364815271015524245e-01
3.400000000000000000e+01,1.382380188463352977e-01
3.500000000000000000e+01,1.389486996345842829e-01
3.600000000000000000e+01,8.244252507533839092e-02
3.700000000000000000e+01,6.327758428297020066e-02
3.800000000000000000e+01,1.172411785516664084e-01
3.900000000000000000e+01,1.261603817100090674e-01
4.000000000000000000e+01,9.854143018890917927e-02
4.100000000000000000e+01,1.324465133100922176e-01
4.200000000000000000e+01,1.592081927437829503e-01
4.300000000000000000e+01,1.262853460247376491e-01
4.400000000000000000e+01,1.233492863999767625e-01
4.500000000000000000e+01,1.387013799441876305e-01
4.600000000000000000e+01,1.004097482842518929e-01
4.700000000000000000e+01,8.912164561462616874e-02
4.800000000000000000e+01,9.575306265014327245e-02
4.900000000000000000e+01,6.613702153249456650e-02
5.000000000000000000e+01,6.742944839308552540e-02
5.100000000000000000e+01,7.537622502024128590e-02
5.200000000000000000e+01,5.742249313338317063e-02
5.300000000000000000e+01,7.197438154633360730e-02
5.400000000000000000e+01,7.250451795296450341e-02
5.500000000000000000e+01,6.602530264483960631e-02
5.600000000000000000e+01,7.868626510246225225e-02
5.700000000000000000e+01,7.267717769669605754e-02
5.800000000000000000e+01,7.045088075198398248e-02
5.900000000000000000e+01,7.608662872199445371e-02
6.000000000000000000e+01,6.790904422031988907e-02
6.100000000000000000e+01,6.630732534067024231e-02
6.200000000000000000e+01,6.782777861500710603e-02
6.300000000000000000e+01,6.054190728102909480e-02
6.400000000000000000e+01,5.972116797731133464e-02
6.500000000000000000e+01,6.023372562452369849e-02
6.600000000000000000e+01,5.553164904766379889e-02
6.700000000000000000e+01,5.546677443106746291e-02
6.800000000000000000e+01,5.671755248153519113e-02
6.900000000000000000e+01,5.423335350324388904e-02
7.000000000000000000e+01,5.438978098754426033e-02
7.100000000000000000e+01,5.601445570664255469e-02
7.200000000000000000e+01,5.496098090688604498e-02
7.300000000000000000e+01,5.458863332956546272e-02
7.400000000000000000e+01,5.583304469001206666e-02
7.500000000000000000e+01,5.553288658964694591e-02
7.600000000000000000e+01,5.461365136851775715e-02
7.700000000000000000e+01,5.495253464154684769e-02
7.800000000000000000e+01,5.509770970054598399e-02
7.900000000000000000e+01,5.426238253492392249e-02
8.000000000000000000e+01,5.377297250805154749e-02
8.100000000000000000e+01,5.390122586396191989e-02
8.200000000000000000e+01,5.367471194431043535e-02
8.300000000000000000e+01,5.307110500722812818e-02
8.400000000000000000e+01,5.278715392193379652e-02
8.500000000000000000e+01,5.282491050328371601e-02
8.600000000000000000e+01,5.271671527148946018e-02
8.700000000000000000e+01,5.241228800288547790e-02
8.800000000000000000e+01,5.220767894060700937e-02
8.900000000000000000e+01,5.219891355348008771e-02
9.000000000000000000e+01,5.221891752631819400e-02
9.100000000000000000e+01,5.214311931649347198e-02
9.200000000000000000e+01,5.201777063772316384e-02
9.300000000000000000e+01,5.193575667058700218e-02
9.400000000000000000e+01,5.191843244443176270e-02
9.500000000000000000e+01,5.192560168578435470e-02
9.600000000000000000e+01,5.191930638917397617e-02
9.700000000000000000e+01,5.189267306624258114e-02
9.800000000000000000e+01,5.185867605866489871e-02
9.900000000000000000e+01,5.183006812244600470e-02
1.000000000000000000e+02,5.181162409272785374e-02
1.010000000000000000e+02,5.180215634938814540e-02
1.020000000000000000e+02,5.179929123283746883e-02
1.030000000000000000e+02,5.179178461212977785e-02
1.040000000000000000e+02,5.178249242238833205e-02
1.050000000000000000e+02,5.177450173887098578e-02
1.060000000000000000e+02,5.176745123640163343e-02
1.070000000000000000e+02,5.175530967296626539e-02
1.080000000000000000e+02,5.172965000362983456e-02
1.090000000000000000e+02,5.168827752760912775e-02
1.100000000000000000e+02,5.164122849010621685e-02
1.110000000000000000e+02,5.160231353840162571e-02
1.120000000000000000e+02,5.157129338996129658e-02
1.130000000000000000e+02,5.153084208318930298e-02
1.140000000000000000e+02,5.146956461772658753e-02
1.150000000000000000e+02,5.140166053411721753e-02
1.160000000000000000e+02,5.134581701747240046e-02
1.170000000000000000e+02,5.129200510719119505e-02
1.180000000000000000e+02,5.121868058606612178e-02
1.190000000000000000e+02,5.113538554011849702e-02
1.200000000000000000e+02,5.106368417747486621e-02
1.210000000000000000e+02,5.099053655349510689e-02
1.220000000000000000e+02,5.089801720777538396e-02
1.230000000000000000e+02,5.080528992706450503e-02
1.240000000000000000e+02,5.072072295222103400e-02
1.250000000000000000e+02,5.062112700298437157e-02
1.260000000000000000e+02,5.051330637915365379e-02
1.270000000000000000e+02,5.041362038429037656e-02
1.280000000000000000e+02,5.030220640498623413e-02
1.290000000000000000e+02,5.018165967206555250e-02
1.300000000000000000e+02,5.006729792257301470e-02
1.310000000000000000e+02,4.994080608989340947e-02
1.320000000000000000e+02,4.980901357670428770e-02
1.330000000000000000e+02,4.968013852428058985e-02
1.340000000000000000e+02,4.953825726918935357e-02
1.350000000000000000e+02,4.948901763455755554e-02
1.360000000000000000e+02,4.949029094077918994e-02
1.370000000000000000e+02,4.948205943755897701e-02
1.380000000000000000e+02,4.948952805937340688e-02
1.390000000000000000e+02,4.948411954398829887e-02
1.400000000000000000e+02,4.948810943395231393e-02
1.410000000000000000e+02,4.948852465611177504e-02
1.420000000000000000e+02,4.948707089971355472e-02
1.430000000000000000e+02,4.949023587988896078e-02
1.440000000000000000e+02,4.948538917652984398e-02
1.450000000000000000e+02,4.948826392186989054e-02
1.460000000000000000e+02,4.948249706174259049e-02
1.470000000000000000e+02,4.948464445990020943e-02
1.480000000000000000e+02,4.947956307782391816e-02
1.490000000000000000e+02,4.948158408627964522e-02
1.500000000000000000e+02,4.947796268057268881e-02
1.510000000000000000e+02,4.948039673000960426e-02
1.520000000000000000e+02,4.947784686377173363e-02
1.530000000000000000e+02,4.948006504178894399e-02
1.540000000000000000e+02,4.947801479483781434e-02
1.550000000000000000e+02,4.947945007548971985e-02
1.560000000000000000e+02,4.947736770908720688e-02
1.570000000000000000e+02,4.947803279330754977e-02
1.580000000000000000e+02,4.947607403757761646e-02
1.590000000000000000e+02,4.947633111782193810e-02
1.600000000000000000e+02,4.947475399940709506e-02
1.610000000000000000e+02,4.947489198104138008e-02
1.620000000000000000e+02,4.947390100114164996e-02
1.630000000000000000e+02,4.947389137074680032e-02
1.640000000000000000e+02,4.947350351140474695e-02
1.650000000000000000e+02,4.947322415802438839e-02
1.660000000000000000e+02,4.947322049807596767e-02
1.670000000000000000e+02,4.947267179311203716e-02
1.680000000000000000e+02,4.947272571791458406e-02
1.690000000000000000e+02,4.947216056272631113e-02
1.700000000000000000e+02,4.947202041650812510e-02
1.710000000000000000e+02,4.947165619710304496e-02
1.720000000000000000e+02,4.947125100259480712e-02
1.730000000000000000e+02,4.947108093820110769e-02
1.740000000000000000e+02,4.947062646174883727e-02
1.750000000000000000e+02,4.947044729751635950e-02
1.760000000000000000e+02,4.947020842499908616e-02
1.770000000000000000e+02,4.946992236380456237e-02
1.780000000000000000e+02,4.946980159328342314e-02
1.790000000000000000e+02,4.946959153898726480e-02
1.800000000000000000e+02,4.946937424318422621e-02
1.810000000000000000e+02,4.946924555991129985e-02
1.820000000000000000e+02,4.946907526493890539e-02
1.830000000000000000e+02,4.946885349228568457e-02
1.840000000000000000e+02,4.946875634435184133e-02
1.850000000000000000e+02,4.946863241828861751e-02
1.860000000000000000e+02,4.946846628660060002e-02
1.870000000000000000e+02,4.946829922202569674e-02
1.880000000000000000e+02,4.946822014756552255e-02
1.890000000000000000e+02,4.946808309605419535e-02
1.900000000000000000e+02,4.946795521304101634e-02
1.910000000000000000e+02,4.946787179858424394e-02
1.920000000000000000e+02,4.946777373516844656e-02
1.930000000000000000e+02,4.946767506236601081e-02
1.940000000000000000e+02,4.946761205091376734e-02
1.950000000000000000e+02,4.946754882019757660e-02
1.960000000000000000e+02,4.946748397956494958e-02
1.970000000000000000e+02,4.946746064634377493e-02
1.980000000000000000e+02,4.946738311860798126e-02
1.990000000000000000e+02,4.946739221110577067e-02
2.000000000000000000e+02,4.946734005007417945e-02
2.010000000000000000e+02,4.946733882828001361e-02
2.020000000000000000e+02,4.946733075380814471e-02
2.030000000000000000e+02,4.946732301542280247e-02
2.040000000000000000e+02,4.946728617503365344e-02
2.050000000000000000e+02,4.946725805230418882e-02
2.060000000000000000e+02,4.946720744886562438e-02
2.070000000000000000e+02,4.946719358744033207e-02
2.080000000000000000e+02,4.946710280504869328e-02
2.090000000000000000e+02,4.946704223770904962e-02
2.100000000000000000e+02,4.946697997590623896e-02
2.110000000000000000e+02,4.946692043125486965e-02
2.120000000000000000e+02,4.946678111432992880e-02
2.130000000000000000e+02,4.946668446912982908e-02
2.140000000000000000e+02,4.946656972791371731e-02
2.150000000000000000e+02,4.946646080157361680e-02
2.160000000000000000e+02,4.946630343065303026e-02
2.170000000000000000e+02,4.946618376086907992e-02
2.180000000000000000e+02,4.946603250640200372e-02
2.190000000000000000e+02,4.946588257189593607e-02
2.200000000000000000e+02,4.946570367013973513e-02
2.210000000000000000e+02,4.946553867469084820e-02
2.220000000000000000e+02,4.946535287579133244e-02
2.230000000000000000e+02,4.946516511553167295e-02
2.240000000000000000e+02,4.946493929838022968e-02
2.250000000000000000e+02,4.946472390245014450e-02
2.260000000000000000e+02,4.946451273383115771e-02
2.270000000000000000e+02,4.946425975630353716e-02
2.280000000000000000e+02,4.946398182172517810e-02
2.290000000000000000e+02,4.946373788472890887e-02
2.300000000000000000e+02,4.946347875513203152e-02
2.310000000000000000e+02,4.946321539919315557e-02
2.320000000000000000e+02,4.946293530449270837e-02
2.330000000000000000e+02,4.946263032756341438e-02
2.340000000000000000e+02,4.946233554169467833e-02
2.350000000000000000e+02,4.946199175411448989e-02
2.360000000000000000e+02,4.946167180771315203e-02
2.370000000000000000e+02,4.946134643077866599e-02
2.380000000000000000e+02,4.946099695061362267e-02
2.390000000000000000e+02,4.946063240123925453e-02
2.400000000000000000e+02,4.946026034317405756e-02
2.410000000000000000e+02,4.945987078742776488e-02
2.420000000000000000e+02,4.945949711209325639e-02
2.430000000000000000e+02,4.945909229218951181e-02
2.440000000000000000e+02,4.945868808921754373e-02
2.450000000000000000e+02,4.945826610739367801e-02
2.460000000000000000e+02,4.945784494790772534e-02
2.470000000000000000e+02,4.945737745218868608e-02
2.480000000000000000e+02,4.945694458385709036e-02
2.490000000000000000e+02,4.945647046318447926e-02
2.500000000000000000e+02,4.945599187713540373e-02
2.510000000000000000e+02,4.945551891440188447e-02
2.520000000000000000e+02,4.945500628434480045e-02
2.530000000000000000e+02,4.945451948517870511e-02
2.540000000000000000e+02,4.945404888636607821e-02
2.550000000000000000e+02,4.945356702994552905e-02
2.560000000000000000e+02,4.945310342481858829e-02
2.570000000000000000e+02,4.945264787146527730e-02
2.580000000000000000e+02,4.945223527116607287e-02
2.590000000000000000e+02,4.945182039138763808e-02
2.600000000000000000e+02,4.945133313947834564e-02
2.610000000000000000e+02,4.945094869737396565e-02
2.620000000000000000e+02,4.945052929598574981e-02
2.630000000000000000e+02,4.945013286599485303e-02
2.640000000000000000e+02,4.944975360337908188e-02
2.650000000000000000e+02,4.944937677613792798e-02
2.660000000000000000e+02,4.944897875920751390e-02
2.670000000000000000e+02,4.944863446628000592e-02
2.680000000000000000e+02,4.944825525889978007e-02
2.690000000000000000e+02,4.944791133830402780e-02
2.700000000000000000e+02,4.944761714637904704e-02
2.710000000000000000e+02,4.944729815115113392e-02
2.720000000000000000e+02,4.944695200911131128e-02
2.730000000000000000e+02,4.944666589958687103e-02
2.740000000000000000e+02,4.944638178023032932e-02
2.750000000000000000e+02,4.944609936939811656e-02
2.760000000000000000e+02,4.944580029732383031e-02
2.770000000000000000e+02,4.944556654556461067e-02
2.780000000000000000e+02,4.944531296101422474e-02
2.790000000000000000e+02,4.944504893102351362e-02
2.800000000000000000e+02,4.944481974620525827e-02
2.810000000000000000e+02,4.944457144126105513e-02
2.820000000000000000e+02,4.944439604841814606e-02
2.830000000000000000e+02,4.944415723991647804e-02
2.840000000000000000e+02,4.944397276479747805e-02
2.850000000000000000e+02,4.944379255124203842e-02
2.860000000000000000e+02,4.944361490800710385e-02
2.870000000000000000e+02,4.944346456056454564e-02
2.880000000000000000e+02,4.944333143104318734e-02
2.890000000000000000e+02,4.944315479983445172e-02
2.900000000000000000e+02,4.944305318147168560e-02
2.910000000000000000e+02,4.944288958778382537e-02
2.920000000000000000e+02,4.944281088368962518e-02
2.930000000000000000e+02,4.944268342737269395e-02
2.940000000000000000e+02,4.944261345270173358e-02
2.950000000000000000e+02,4.944251322160789219e-02
2.960000000000000000e+02,4.944245743978137320e-02
2.970000000000000000e+02,4.944240637413759021e-02
2.980000000000000000e+02,4.944235002681520580e-02
2.990000000000000000e+02,4.944229025759794977e-02
3.000000000000000000e+02,4.944227390851603510e-02
3.010000000000000000e+02,4.944224277222020181e-02
3.020000000000000000e+02,4.944229012033986292e-02
3.030000000000000000e+02,4.944227330012820887e-02
3.040000000000000000e+02,4.944223181712465581e-02
3.050000000000000000e+02,4.944215161929847030e-02
3.060000000000000000e+02,4.944213257844957271e-02
3.070000000000000000e+02,4.944205866353586221e-02
3.080000000000000000e+02,4.944199673502473052e-02
3.090000000000000000e+02,4.944193004266918268e-02
3.100000000000000000e+02,4.944179756074510573e-02
3.110000000000000000e+02,4.944170148811704441e-02
3.120000000000000000e+02,4.944158098684225261e-02
3.130000000000000000e+02,4.944144298376861729e-02
3.140000000000000000e+02,4.944134292908652917e-02
3.150000000000000000e+02,4.944115636922789131e-02
3.160000000000000000e+02,4.944100953223282136e-02
3.170000000000000000e+02,4.944083272162451415e-02
3.180000000000000000e+02,4.944065615657999152e-02
3.190000000000000000e+02,4.944049989222424474e-02
3.200000000000000000e+02,4.944025046850886174e-02
3.210000000000000000e+02,4.944001785801963034e-02
3.220000000000000000e+02,4.943981146992111608e-02
3.230000000000000000e+02,4.943957819428580064e-02
3.240000000000000000e+02,4.943929962856183358e-02
3.250000000000000000e+02,4.943903028682648110e-02
3.260000000000000000e+02,4.943875685881973098e-02
3.270000000000000000e+02,4.943842637478364915e-02
3.280000000000000000e+02,4.943815111106140275e-02
3.290000000000000000e+02,4.943783664678957218e-02
3.300000000000000000e+02,4.943749865922600351e-02
3.310000000000000000e+02,4.943714074733408792e-02
3.320000000000000000e+02,4.943680501419060735e-02
3.330000000000000000e+02,4.943645178469741747e-02
3.340000000000000000e+02,4.943606220684605701e-02
3.350000000000000000e+02,4.943569752848270271e-02
3.360000000000000000e+02,4.943530904869585657e-02
3.370000000000000000e+02,4.943488499504674477e-02
3.380000000000000000e+02,4.943444822438486375e-02
3.390000000000000000e+02,4.943402328785934108e-02
3.400000000000000000e+02,4.943357041045329942e-02
3.410000000000000000e+02,4.943310567427654928e-02
3.420000000000000000e+02,4.943260547484655543e-02
3.430000000000000000e+02,4.943212409937747243e-02
3.440000000000000000e+02,4.943165535532907662e-02
3.450000000000000000e+02,4.943112336920530564e-02
3.460000000000000000e+02,4.943059117740656455e-02
3.470000000000000000e+02,4.943006485073019041e-02
3.480000000000000000e+02,4.942951500048026192e-02
3.490000000000000000e+02,4.942895073883494389e-02
3.500000000000000000e+02,4.942838646442403172e-02
3.510000000000000000e+02,4.942779331598261272e-02
3.520000000000000000e+02,4.942718200016416735e-02
3.530000000000000000e+02,4.942659716247529977e-02
3.540000000000000000e+02,4.942599907245945334e-02
3.550000000000000000e+02,4.942545654590678461e-02
3.560000000000000000e+02,4.942488679648636418e-02
3.570000000000000000e+02,4.942434402367359980e-02
3.580000000000000000e+02,4.942382232232383349e-02
3.590000000000000000e+02,4.942328352212541076e-02
3.600000000000000000e+02,4.942278297711275720e-02
3.610000000000000000e+02,4.942226963982841725e-02
3.620000000000000000e+02,4.942178237928876450e-02
3.630000000000000000e+02,4.942126853673346060e-02
3.640000000000000000e+02,4.942085851267870311e-02
3.650000000000000000e+02,4.942035775644026269e-02
3.660000000000000000e+02,4.941992089912650848e-02
3.670000000000000000e+02,4.941946998674452696e-02
3.680000000000000000e+02,4.941906520315084844e-02
3.690000000000000000e+02,4.941866083369870349e-02
3.700000000000000000e+02,4.941824021418614321e-02
3.710000000000000000e+02,4.941788456080829089e-02
3.720000000000000000e+02,4.941749651652885961e-02
3.730000000000000000e+02,4.941712092637565862e-02
3.740000000000000000e+02,4.941673710728106822e-02
3.750000000000000000e+02,4.941640905909303050e-02
3.760000000000000000e+02,4.941609983714323473e-02
3.770000000000000000e+02,4.941581695338164576e-02
3.780000000000000000e+02,4.941549784690318914e-02
3.790000000000000000e+02,4.941520062712706496e-02
3.800000000000000000e+02,4.941489618896754282e-02
3.810000000000000000e+02,4.941462320936398922e-02
3.820000000000000000e+02,4.941436486768015918e-02
3.830000000000000000e+02,4.941413994238533919e-02
3.840000000000000000e+02,4.941390599764294844e-02
3.850000000000000000e+02,4.941369526456777794e-02
3.860000000000000000e+02,4.941350186074701389e-02
3.870000000000000000e+02,4.941328403399216501e-02
3.880000000000000000e+02,4.941309588976081774e-02
3.890000000000000000e+02,4.941293322696591744e-02
3.900000000000000000e+02,4.941276165519316310e-02
3.910000000000000000e+02,4.941261932220031988e-02
3.920000000000000000e+02,4.941248626662424898e-02
3.930000000000000000e+02,4.941240312339717500e-02
3.940000000000000000e+02,4.941226971810071256e-02
3.950000000000000000e+02,4.941217364509461335e-02
3.960000000000000000e+02,4.941209390153884079e-02
3.970000000000000000e+02,4.941199862100326828e-02
3.980000000000000000e+02,4.941193742367652048e-02
3.990000000000000000e+02,4.941191056628622263e-02
4.000000000000000000e+02,4.941186716103027760e-02
4.010000000000000000e+02,4.941183148183023871e-02
4.020000000000000000e+02,4.941186540977399871e-02
4.030000000000000000e+02,4.941184332467080109e-02
4.040000000000000000e+02,4.941181755635274536e-02
4.050000000000000000e+02,4.941178591971541467e-02
4.060000000000000000e+02,4.941168762632205252e-02
4.070000000000000000e+02,4.941163991882349671e-02
4.080000000000000000e+02,4.941153885135457502e-02
4.090000000000000000e+02,4.941143474608016700e-02
4.100000000000000000e+02,4.941133586808033745e-02
4.110000000000000000e+02,4.941121514160803918e-02
4.120000000000000000e+02,4.941107533792498535e-02
4.130000000000000000e+02,4.941091904638559434e-02
4.140000000000000000e+02,4.941076612346102792e-02
4.150000000000000000e+02,4.941056681834371522e-02
4.160000000000000000e+02,4.941037572257542948e-02
4.170000000000000000e+02,4.941018997243508404e-02
4.180000000000000000e+02,4.940997440551447850e-02
4.190000000000000000e+02,4.940972034625056714e-02
4.200000000000000000e+02,4.940948105777515087e-02
4.210000000000000000e+02,4.940920001093991598e-02
4.220000000000000000e+02,4.940894451810631804e-02
4.230000000000000000e+02,4.940868542756561566e-02
4.240000000000000000e+02,4.940837499022902174e-02
4.250000000000000000e+02,4.940804215780155578e-02
4.260000000000000000e+02,4.940772022950240538e-02
4.270000000000000000e+02,4.940737009670378987e-02
4.280000000000000000e+02,4.940702513235029070e-02
4.290000000000000000e+02,4.940667715545826039e-02
4.300000000000000000e+02,4.940626422039810783e-02
4.310000000000000000e+02,4.940587059287326888e-02
4.320000000000000000e+02,4.940549181428838255e-02
4.330000000000000000e+02,4.940503951728229121e-02
4.340000000000000000e+02,4.940459854779328391e-02
4.350000000000000000e+02,4.940413027621459036e-02
4.360000000000000000e+02,4.940368539736477577e-02
4.370000000000000000e+02,4.940317964944580809e-02
4.380000000000000000e+02,4.940267178589266561e-02
4.390000000000000000e+02,4.940221259609728355e-02
4.400000000000000000e+02,4.940166583474575601e-02
4.410000000000000000e+02,4.940114333888338816e-02
4.420000000000000000e+02,4.940058391201467697e-02
4.430000000000000000e+02,4.939999895325515589e-02
4.440000000000000000e+02,4.939939932054927818e-02
4.450000000000000000e+02,4.939882194777293900e-02
4.460000000000000000e+02,4.939820304272101587e-02
4.470000000000000000e+02,4.939756642784529084e-02
4.480000000000000000e+02,4.939696801638996521e-02
4.490000000000000000e+02,4.939629858938131973e-02
4.500000000000000000e+02,4.939561697650348554e-02
4.510000000000000000e+02,4.939491811844137076e-02
4.520000000000000000e+02,4.939421111099042555e-02
4.530000000000000000e+02,4.939354324037691785e-02
4.540000000000000000e+02,4.939286845260137254e-02
4.550000000000000000e+02,4.939221569555971719e-02
4.560000000000000000e+02,4.939156032212764502e-02
4.570000000000000000e+02,4.939090960214566339e-02
4.580000000000000000e+02,4.939027558162261550e-02
4.590000000000000000e+02,4.938970187323055150e-02
4.600000000000000000e+02,4.938909333707113686e-02
4.610000000000000000e+02,4.938850747393729035e-02
4.620000000000000000e+02,4.938795627238477814e-02
4.630000000000000000e+02,4.938739407673214954e-02
4.640000000000000000e+02,4.938684453128869278e-02
4.650000000000000000e+02,4.938632747726666439e-02
4.660000000000000000e+02,4.938579596884306450e-02
4.670000000000000000e+02,4.938529191147050801e-02
4.680000000000000000e+02,4.938479270676677385e-02
4.690000000000000000e+02,4.938432504354133001e-02
4.700000000000000000e+02,4.938386548149463484e-02
4.710000000000000000e+02,4.938342854167018792e-02
4.720000000000000000e+02,4.938299526812838652e-02
4.730000000000000000e+02,4.938256607942910492e-02
4.740000000000000000e+02,4.938216435657739184e-02
4.750000000000000000e+02,4.938175381772313272e-02
4.760000000000000000e+02,4.938138746322690009e-02
4.770000000000000000e+02,4.938103404437233640e-02
4.780000000000000000e+02,4.938067035383539305e-02
4.790000000000000000e+02,4.938032086504035023e-02
4.800000000000000000e+02,4.938001084083876863e-02
4.810000000000000000e+02,4.937971366715455945e-02
4.820000000000000000e+02,4.937940431169437344e-02
4.830000000000000000e+02,4.937911936865154588e-02
4.840000000000000000e+02,4.937882024787068613e-02
4.850000000000000000e+02,4.937857124372570239e-02
4.860000000000000000e+02,4.937834239253657831e-02
4.870000000000000000e+02,4.937813046913853976e-02
4.880000000000000000e+02,4.937789452363736120e-02
4.890000000000000000e+02,4.937772228668018543e-02
4.900000000000000000e+02,4.937751174372272123e-02
4.910000000000000000e+02,4.937735972150099351e-02
4.920000000000000000e+02,4.937723011264655987e-02
4.930000000000000000e+02,4.937709980693616441e-02
4.940000000000000000e+02,4.937697083023107059e-02
4.950000000000000000e+02,4.937685588385237051e-02
4.960000000000000000e+02,4.937675112941360828e-02
4.970000000000000000e+02,4.937666922243946765e-02
4.980000000000000000e+02,4.937659473637726060e-02
4.990000000000000000e+02,4.937656298653696207e-02
5.000000000000000000e+02,4.937651318729958938e-02
5.010000000000000000e+02,4.937648616714037514e-02
5.020000000000000000e+02,4.937648910570266447e-02
5.030000000000000000e+02,4.937645236717135705e-02
5.040000000000000000e+02,4.937642576760348234e-02
5.050000000000000000e+02,4.937637660807230738e-02
5.060000000000000000e+02,4.937632071246153553e-02
5.070000000000000000e+02,4.937622682819209352e-02
5.080000000000000000e+02,4.937612103173539407e-02
5.090000000000000000e+02,4.937600900472501053e-02
5.100000000000000000e+02,4.937590423978861082e-02
5.110000000000000000e+02,4.937575675773247380e-02
5.120000000000000000e+02,4.937557983160882624e-02
5.130000000000000000e+02,4.937540859781695823e-02
5.140000000000000000e+02,4.937525147293146677e-02
5.150000000000000000e+02,4.937505568793609800e-02
5.160000000000000000e+02,4.937480669511862957e-02
5.170000000000000000e+02,4.937455111633474308e-02
5.180000000000000000e+02,4.937434310536362170e-02
5.190000000000000000e+02,4.937406009683400349e-02
5.200000000000000000e+02,4.937381616036111420e-02
5.210000000000000000e+02,4.937350941368436746e-02
5.220000000000000000e+02,4.937315818024523573e-02
5.230000000000000000e+02,4.937287035963337095e-02
5.240000000000000000e+02,4.937248446872614244e-02
5.250000000000000000e+02,4.937211455703569007e-02
5.260000000000000000e+02,4.937174569854893558e-02
5.270000000000000000e+02,4.937139886800255562e-02
5.280000000000000000e+02,4.937099565566407250e-02
5.290000000000000000e+02,4.937056928378168175e-02
5.300000000000000000e+02,4.937010220398874161e-02
5.310000000000000000e+02,4.936966578748164941e-02
5.320000000000000000e+02,4.936918014337610822e-02
5.330000000000000000e+02,4.936869901125526261e-02
5.340000000000000000e+02,4.936820292833019042e-02
5.350000000000000000e+02,4.936769919019423636e-02
5.360000000000000000e+02,4.936719034634450692e-02
5.370000000000000000e+02,4.936662664900227926e-02
5.380000000000000000e+02,4.936605553450343353e-02
5.390000000000000000e+02,4.936545723823489162e-02
5.400000000000000000e+02,4.936485223024549701e-02
5.410000000000000000e+02,4.936425097285174896e-02
5.420000000000000000e+02,4.936363764551518485e-02
5.430000000000000000e+02,4.936300363526487101e-02
5.440000000000000000e+02,4.936232604933055851e-02
5.450000000000000000e+02,4.936160761716763823e-02
5.460000000000000000e+02,4.936092440025743877e-02
5.470000000000000000e+02,4.936020933663663735e-02
5.480000000000000000e+02,4.935949396671708567e-02
5.490000000000000000e+02,4.935876369169572841e-02
5.500000000000000000e+02,4.935800665085624678e-02
5.510000000000000000e+02,4.935722147522886988e-02
5.520000000000000000e+02,4.935640631321001892e-02
5.530000000000000000e+02,4.935561899642748607e-02
5.540000000000000000e+02,4.935488288839431914e-02
5.550000000000000000e+02,4.935412284867381205e-02
5.560000000000000000e+02,4.935336848575164886e-02
5.570000000000000000e+02,4.935264667574004727e-02
5.580000000000000000e+02,4.935196611557132740e-02
5.590000000000000000e+02,4.935126596731072984e-02
5.600000000000000000e+02,4.935059580595642370e-02
5.610000000000000000e+02,4.934994405239566395e-02
5.620000000000000000e+02,4.934927834379931877e-02
5.630000000000000000e+02,4.934865619879740678e-02
5.640000000000000000e+02,4.934803220865262990e-02
5.650000000000000000e+02,4.934743948968584037e-02
5.660000000000000000e+02,4.934687738645112537e-02
5.670000000000000000e+02,4.934629112162536302e-02
5.680000000000000000e+02,4.934572848973270420e-02
5.690000000000000000e+02,4.934520146236472810e-02
5.700000000000000000e+02,4.934466505238854078e-02
5.710000000000000000e+02,4.934416414208600554e-02
5.720000000000000000e+02,4.934367288853064304e-02
5.730000000000000000e+02,4.934321267182342763e-02
5.740000000000000000e+02,4.934273211371831280e-02
5.750000000000000000e+02,4.934230079458780394e-02
5.760000000000000000e+02,4.934186856866121240e-02
5.770000000000000000e+02,4.934146695446293973e-02
5.780000000000000000e+02,4.934104362124828308e-02
5.790000000000000000e+02,4.934068457136005920e-02
5.800000000000000000e+02,4.934030938934965554e-02
5.810000000000000000e+02,4.933994545603596210e-02
5.820000000000000000e+02,4.933959759932648320e-02
5.830000000000000000e+02,4.933930270737452856e-02
5.840000000000000000e+02,4.933901668575717964e-02
5.850000000000000000e+02,4.933871680494930634e-02
5.860000000000000000e+02,4.933845908576579148e-02
5.870000000000000000e+02,4.933818709895870791e-02
5.880000000000000000e+02,4.933793717918949495e-02
5.890000000000000000e+02,4.933774601356567119e-02
5.900000000000000000e+02,4.933752756173833548e-02
5.910000000000000000e+02,4.933734970949409798e-02
5.920000000000000000e+02,4.933715105388387229e-02
5.930000000000000000e+02,4.933698286618556916e-02
5.940000000000000000e+02,4.933685004620891323e-02
5.950000000000000000e+02,4.933674576139752965e-02
5.960000000000000000e+02,4.933662819530217764e-02
5.970000000000000000e+02,4.933655058070588600e-02
5.980000000000000000e+02,4.933645670274441897e-02
5.990000000000000000e+02,4.933641800874799532e-02
6.000000000000000000e+02,4.933636221798467364e-02
6.010000000000000000e+02,4.933634757591681685e-02
6.020000000000000000e+02,4.933632594890845907e-02
6.030000000000000000e+02,4.933630076473700249e-02
6.040000000000000000e+02,4.933627717914994965e-02
6.050000000000000000e+02,4.933623211233992972e-02
6.060000000000000000e+02,4.933613329440084128e-02
6.070000000000000000e+02,4.933604344953464171e-02
6.080000000000000000e+02,4.933589925629160156e-02
6.090000000000000000e+02,4.933579779672594978e-02
6.100000000000000000e+02,4.933565120965321960e-02
6.110000000000000000e+02,4.933549437436950819e-02
6.120000000000000000e+02,4.933532688636909497e-02
6.130000000000000000e+02,4.933512246795841022e-02
6.140000000000000000e+02,4.933493174718639462e-02
6.150000000000000000e+02,4.933467019274882792e-02
6.160000000000000000e+02,4.933445393049081668e-02
6.170000000000000000e+02,4.933418730071230385e-02
6.180000000000000000e+02,4.933387700386279023e-02
6.190000000000000000e+02,4.933358731464013852e-02
6.200000000000000000e+02,4.933328938219031651e-02
6.210000000000000000e+02,4.933297387900350411e-02
6.220000000000000000e+02,4.933261447020340779e-02
6.230000000000000000e+02,4.933225863115978105e-02
6.240000000000000000e+02,4.933182674695710951e-02
6.250000000000000000e+02,4.933147820460843935e-02
6.260000000000000000e+02,4.933100640719230434e-02
6.270000000000000000e+02,4.933061000572184357e-02
6.280000000000000000e+02,4.933011128724842931e-02
6.290000000000000000e+02,4.932967231601869534e-02
6.300000000000000000e+02,4.932917711808265659e-02
6.310000000000000000e+02,4.932868197420038625e-02
6.320000000000000000e+02,4.932816630959226123e-02
6.330000000000000000e+02,4.932758707668137566e-02
6.340000000000000000e+02,4.932701133305378294e-02
6.350000000000000000e+02,4.932648297092632333e-02
6.360000000000000000e+02,4.932587961015335448e-02
6.370000000000000000e+02,4.932526109469639874e-02
6.380000000000000000e+02,4.932461384370141755e-02
6.390000000000000000e+02,4.932398334850385951e-02
6.400000000000000000e+02,4.932330190515354928e-02
6.410000000000000000e+02,4.932260349139364064e-02
6.420000000000000000e+02,4.932190053808453711e-02
6.430000000000000000e+02,4.932120691019303144e-02
6.440000000000000000e+02,4.932041447350250102e-02
6.450000000000000000e+02,4.931969168848044510e-02
6.460000000000000000e+02,4.931890193570120234e-02
6.470000000000000000e+02,4.931809895761730261e-02
6.480000000000000000e+02,4.931729287893442393e-02
6.490000000000000000e+02,4.931642964848669680e-02
6.500000000000000000e+02,4.931559083558481604e-02
6.510000000000000000e+02,4.931474809592274050e-02
6.520000000000000000e+02,4.931386798706711982e-02
6.530000000000000000e+02,4.931298513295318681e-02
6.540000000000000000e+02,4.931214807711909592e-02
6.550000000000000000e+02,4.931149976229333431e-02
6.560000000000000000e+02,4.931151949663378775e-02
6.570000000000000000e+02,4.931379137056372125e-02
6.580000000000000000e+02,4.932359376479483748e-02
6.590000000000000000e+02,4.935441365563839750e-02
6.600000000000000000e+02,4.943352201709853844e-02
6.610000000000000000e+02,4.960193918750992886e-02
6.620000000000000000e+02,4.987337113673736416e-02
6.630000000000000000e+02,5.019493873069037770e-02
6.640000000000000000e+02,5.032484369044824823e-02
6.650000000000000000e+02,5.010429265280239020e-02
6.660000000000000000e+02,4.958947120249785484e-02
6.670000000000000000e+02,4.930318736833248089e-02
6.680000000000000000e+02,4.948790788948500413e-02
6.690000000000000000e+02,4.965076595485917038e-02
6.700000000000000000e+02,4.942696996101483831e-02
6.710000000000000000e+02,4.931279819509309936e-02
6.720000000000000000e+02,4.948290578979767235e-02
6.730000000000000000e+02,4.939688800132974178e-02
6.740000000000000000e+02,4.930934810975044769e-02
6.750000000000000000e+02,4.942201258860454832e-02
6.760000000000000000e+02,4.931998872991338878e-02
6.770000000000000000e+02,4.934445869047834193e-02
6.780000000000000000e+02,4.935248703246858382e-02
6.790000000000000000e+02,4.930489373307629652e-02
6.800000000000000000e+02,4.934976833078742742e-02
6.810000000000000000e+02,4.929638153459683925e-02
6.820000000000000000e+02,4.933643165074526327e-02
6.830000000000000000e+02,4.929511665012772242e-02
6.840000000000000000e+02,4.932409774178674738e-02
6.850000000000000000e+02,4.929604618790142667e-02
6.860000000000000000e+02,4.931208959496104910e-02
6.870000000000000000e+02,4.930047589588908846e-02
6.880000000000000000e+02,4.929923331561378297e-02
6.890000000000000000e+02,4.930528489561628036e-02
6.900000000000000000e+02,4.929274325092639769e-02
6.910000000000000000e+02,4.930051819894357146e-02
6.920000000000000000e+02,4.929784800319502586e-02
6.930000000000000000e+02,4.929216554761203101e-02
6.940000000000000000e+02,4.929645435015347910e-02
6.950000000000000000e+02,4.929609296641977029e-02
6.960000000000000000e+02,4.929220596702484081e-02
6.970000000000000000e+02,4.929211380083833166e-02
6.980000000000000000e+02,4.929359963164531289e-02
6.990000000000000000e+02,4.929357896198816730e-02
7.000000000000000000e+02,4.929263660842102962e-02
7.010000000000000000e+02,4.929193452148152021e-02
7.020000000000000000e+02,4.929175170004328893e-02
7.030000000000000000e+02,4.929137346973032352e-02
7.040000000000000000e+02,4.929166967169323899e-02
7.050000000000000000e+02,4.929304963036529319e-02
7.060000000000000000e+02,4.929370967932247827e-02
7.070000000000000000e+02,4.929205316715397356e-02
7.080000000000000000e+02,4.929100272059722815e-02
7.090000000000000000e+02,4.929274940049263587e-02
7.100000000000000000e+02,4.929249639297401259e-02
7.110000000000000000e+02,4.929047215177752295e-02
7.120000000000000000e+02,4.929199708453541745e-02
7.130000000000000000e+02,4.929137773835406966e-02
7.140000000000000000e+02,4.928999604248156252e-02
7.150000000000000000e+02,4.929151376529265077e-02
7.160000000000000000e+02,4.928936160496509566e-02
7.170000000000000000e+02,4.929049975079733553e-02
7.180000000000000000e+02,4.928912926543149026e-02
7.190000000000000000e+02,4.928943922410160966e-02
7.200000000000000000e+02,4.928851599784340315e-02
7.210000000000000000e+02,4.928860361840510518e-02
7.220000000000000000e+02,4.928756098970631105e-02
7.230000000000000000e+02,4.928796074465788268e-02
7.240000000000000000e+02,4.928647342479609145e-02
7.250000000000000000e+02,4.928714167571134758e-02
7.260000000000000000e+02,4.928565591466858853e-02
7.270000000000000000e+02,4.928560192869735346e-02
7.280000000000000000e+02,4.928540321176622802e-02
7.290000000000000000e+02,4.928399983543330087e-02
7.300000000000000000e+02,4.928410357898149047e-02
7.310000000000000000e+02,4.928371581634504589e-02
7.320000000000000000e+02,4.928237967008092246e-02
7.330000000000000000e+02,4.928191067866971586e-02
7.340000000000000000e+02,4.928190336772324265e-02
7.350000000000000000e+02,4.928129900593723745e-02
7.360000000000000000e+02,4.928013910685408172e-02
7.370000000000000000e+02,4.927914685917689913e-02
7.380000000000000000e+02,4.927844696356765974e-02
7.390000000000000000e+02,4.927804193423507284e-02
7.400000000000000000e+02,4.927797408058973150e-02
7.410000000000000000e+02,4.927871683172892203e-02
7.420000000000000000e+02,4.928222074538827352e-02
7.430000000000000000e+02,4.929582710913682497e-02
7.440000000000000000e+02,4.935152249249950829e-02
7.450000000000000000e+02,4.960442642467913915e-02
7.460000000000000000e+02,5.087398405768502052e-02
7.470000000000000000e+02,5.810800049258923322e-02
7.480000000000000000e+02,1.013935893517284442e-01
7.490000000000000000e+02,3.873215197143354827e-01
7.500000000000000000e+02,1.386304899869831742e+00
7.510000000000000000e+02,2.870477853928451673e+00
7.520000000000000000e+02,6.760692443609421787e-01
7.530000000000000000e+02,2.411231378156209804e+00
7.540000000000000000e+02,5.715837500182556485e-02
7.550000000000000000e+02,1.235463447651625968e+00
7.560000000000000000e+02,9.620720093989687527e-01
7.570000000000000000e+02,4.994323500209685990e-02
7.580000000000000000e+02,9.739601785830016567e-01
7.590000000000000000e+02,2.544518659128283677e-01
7.600000000000000000e+02,2.374866317166489382e-01
7.610000000000000000e+02,6.563369534665135507e-01
7.620000000000000000e+02,3.410638305020944339e-01
7.630000000000000000e+02,5.830154609998986631e-02
7.640000000000000000e+02,4.320644969774980471e-01
7.650000000000000000e+02,2.671442201054584631e-01
7.660000000000000000e+02,5.395564793580205631e-02
7.670000000000000000e+02,2.500482842341245071e-01
7.680000000000000000e+02,2.907314847982546135e-01
7.690000000000000000e+02,1.065850535456195347e-01
7.700000000000000000e+02,7.050667344965771965e-02
7.710000000000000000e+02,2.073593590189419245e-01
7.720000000000000000e+02,1.612900951150486040e-01
7.730000000000000000e+02,5.307581087752698268e-02
7.740000000000000000e+02,8.927264620852756738e-02
7.750000000000000000e+02,1.492856809375399663e-01
7.760000000000000000e+02,1.202136310350855608e-01
7.770000000000000000e+02,5.876472174994551434e-02
7.780000000000000000e+02,5.913945897684246000e-02
7.790000000000000000e+02,1.003698672733882857e-01
7.800000000000000000e+02,1.003454016763329071e-01
7.810000000000000000e+02,6.415760639157805367e-02
7.820000000000000000e+02,4.947602183013236066e-02
7.830000000000000000e+02,6.502829225272413471e-02
7.840000000000000000e+02,7.954495048070617247e-02
7.850000000000000000e+02,7.440929663622108947e-02
7.860000000000000000e+02,5.852714946621204173e-02
7.870000000000000000e+02,4.939892467733263820e-02
7.880000000000000000e+02,5.274367541695715311e-02
7.890000000000000000e+02,6.047743059035989854e-02
7.900000000000000000e+02,6.310008801964175906e-02
7.910000000000000000e+02,5.911595662447238775e-02
7.920000000000000000e+02,5.318671859757373444e-02
7.930000000000000000e+02,4.965228449394597232e-02
7.940000000000000000e+02,4.941046787226238690e-02
7.950000000000000000e+02,5.095382915994985107e-02
7.960000000000000000e+02,5.251183822774519588e-02
7.970000000000000000e+02,5.320354771171724451e-02
7.980000000000000000e+02,5.303670249128732139e-02
7.990000000000000000e+02,5.242297005735034598e-02
8.000000000000000000e+02,5.176560373991760666e-02
8.010000000000000000e+02,5.130078040801579198e-02
8.020000000000000000e+02,5.112885789825975802e-02
8.030000000000000000e+02,5.060302629727452678e-02
8.040000000000000000e+02,4.986719466975003678e-02
8.050000000000000000e+02,4.927674340874887982e-02
8.060000000000000000e+02,4.927946862623013013e-02
8.070000000000000000e+02,5.013250006132034114e-02
8.080000000000000000e+02,5.158889664345961412e-02
8.090000000000000000e+02,5.284463066520459634e-02
8.100000000000000000e+02,5.298448618348251121e-02
8.110000000000000000e+02,5.176067139492052799e-02
8.120000000000000000e+02,5.002551491719502835e-02
8.130000000000000000e+02,4.917698171802544621e-02
8.140000000000000000e+02,4.988148406702122561e-02
8.150000000000000000e+02,5.130871242148496436e-02
8.160000000000000000e+02,5.186651055112481007e-02
8.170000000000000000e+02,5.089369523314520721e-02
8.180000000000000000e+02,4.949294098908626344e-02
8.190000000000000000e+02,4.929973084946032147e-02
8.200000000000000000e+02,5.037669407600942062e-02
8.210000000000000000e+02,5.104038937111386731e-02
8.220000000000000000e+02,5.026751160996219270e-02
8.230000000000000000e+02,4.925326274898202822e-02
8.240000000000000000e+02,4.948489159077010952e-02
8.250000000000000000e+02,5.035088613769482524e-02
8.260000000000000000e+02,5.026597144291056196e-02
8.270000000000000000e+02,4.939414233142230826e-02
8.280000000000000000e+02,4.927270965032057998e-02
8.290000000000000000e+02,4.995181834359670170e-02
8.300000000000000000e+02,4.996656557267269150e-02
8.310000000000000000e+02,4.929712398347175367e-02
8.320000000000000000e+02,4.929694210353628009e-02
8.330000000000000000e+02,4.980110111210801771e-02
8.340000000000000000e+02,4.962483921992348612e-02
8.350000000000000000e+02,4.917604994704543458e-02
8.360000000000000000e+02,4.941592903086448885e-02
8.370000000000000000e+02,4.965150757515592039e-02
8.380000000000000000e+02,4.928820903686881305e-02
8.390000000000000000e+02,4.921818156627549151e-02
8.400000000000000000e+02,4.951554054927403969e-02
8.410000000000000000e+02,4.935903638294935475e-02
8.420000000000000000e+02,4.916302738439833064e-02
8.430000000000000000e+02,4.938827524781241179e-02
8.440000000000000000e+02,4.935298712257792098e-02
8.450000000000000000e+02,4.915652114493440639e-02
8.460000000000000000e+02,4.931320689346610497e-02
8.470000000000000000e+02,4.931403557502947455e-02
8.480000000000000000e+02,4.915371935467242881e-02
8.490000000000000000e+02,4.927530052276013484e-02
8.500000000000000000e+02,4.926476115535347033e-02
8.510000000000000000e+02,4.915058134170226245e-02
8.520000000000000000e+02,4.925706445609507461e-02
8.530000000000000000e+02,4.921661308485649616e-02
8.540000000000000000e+02,4.915046680695770581e-02
8.550000000000000000e+02,4.922738387520355502e-02
8.560000000000000000e+02,4.918741373063988120e-02
8.570000000000000000e+02,4.914712532666346001e-02
8.580000000000000000e+02,4.919943203764905876e-02
8.590000000000000000e+02,4.917408423164298242e-02
8.600000000000000000e+02,4.914168810673820442e-02
8.610000000000000000e+02,4.917585692435220285e-02
8.620000000000000000e+02,4.916719262415800845e-02
8.630000000000000000e+02,4.913808019218150053e-02
8.640000000000000000e+02,4.915591976700681848e-02
8.650000000000000000e+02,4.916125673997708695e-02
8.660000000000000000e+02,4.913849287833457063e-02
8.670000000000000000e+02,4.914038426112912056e-02
8.680000000000000000e+02,4.915228165921729092e-02
8.690000000000000000e+02,4.914159127183390097e-02
8.700000000000000000e+02,4.913244613779163550e-02
8.710000000000000000e+02,4.914001655296851984e-02
8.720000000000000000e+02,4.914182627266885928e-02
8.730000000000000000e+02,4.913280528645787987e-02
8.740000000000000000e+02,4.913030190163298477e-02
8.750000000000000000e+02,4.913511317309272181e-02
8.760000000000000000e+02,4.913465427490598669e-02
8.770000000000000000e+02,4.912916201939682842e-02
8.780000000000000000e+02,4.912757043675575197e-02
8.790000000000000000e+02,4.912999212913706643e-02
8.800000000000000000e+02,4.913018862939024650e-02
8.810000000000000000e+02,4.912725429808841027e-02
8.820000000000000000e+02,4.912518759339402213e-02
8.830000000000000000e+02,4.912571456724250385e-02
8.840000000000000000e+02,4.912655714974822202e-02
8.850000000000000000e+02,4.912576772173228579e-02
8.860000000000000000e+02,4.912414220386791125e-02
8.870000000000000000e+02,4.912315444631724926e-02
8.880000000000000000e+02,4.912325876422779514e-02
8.890000000000000000e+02,4.912352346795311603e-02
8.900000000000000000e+02,4.912329645680812984e-02
8.910000000000000000e+02,4.912264833803283576e-02
8.920000000000000000e+02,4.912192435333188195e-02
8.930000000000000000e+02,4.912154845976829387e-02
8.940000000000000000e+02,4.912137527262746411e-02
8.950000000000000000e+02,4.912138408197631867e-02
8.960000000000000000e+02,4.912134628497747540e-02
8.970000000000000000e+02,4.912120186667886385e-02
8.980000000000000000e+02,4.912106477553335182e-02
8.990000000000000000e+02,4.912090331368240692e-02
9.000000000000000000e+02,4.912076492440951153e-02
9.010000000000000000e+02,4.912069617115546322e-02
9.020000000000000000e+02,4.912068751944547590e-02
9.030000000000000000e+02,4.912062006931545294e-02
9.040000000000000000e+02,4.912049360974313217e-02
9.050000000000000000e+02,4.912041917850075434e-02
9.060000000000000000e+02,4.912032683809586242e-02
9.070000000000000000e+02,4.912028659374913925e-02
9.080000000000000000e+02,4.912026126216551686e-02
9.090000000000000000e+02,4.912011440654557443e-02
9.100000000000000000e+02,4.911986556260938136e-02
9.110000000000000000e+02,4.911954971135133741e-02
9.120000000000000000e+02,4.911919159169357563e-02
9.130000000000000000e+02,4.911893746375800562e-02
9.140000000000000000e+02,4.911871975313676641e-02
9.150000000000000000e+02,4.911844957033810466e-02
9.160000000000000000e+02,4.911808821552687832e-02
9.170000000000000000e+02,4.911760936870714078e-02
9.180000000000000000e+02,4.911717457021021888e-02
9.190000000000000000e+02,4.911681887602498131e-02
9.200000000000000000e+02,4.911643938073570470e-02
9.210000000000000000e+02,4.911595795298528966e-02
9.220000000000000000e+02,4.911540182770848806e-02
9.230000000000000000e+02,4.911487294078423216e-02
9.240000000000000000e+02,4.911441830795599400e-02
9.250000000000000000e+02,4.911384465644534625e-02
9.260000000000000000e+02,4.911321597463100264e-02
9.270000000000000000e+02,4.911259837031740905e-02
9.280000000000000000e+02,4.911200381638500950e-02
9.290000000000000000e+02,4.911133415561100973e-02
9.300000000000000000e+02,4.911062772197529597e-02
9.310000000000000000e+02,4.910991845523635796e-02
9.320000000000000000e+02,4.910921871236681446e-02
9.330000000000000000e+02,4.910845165257678169e-02
9.340000000000000000e+02,4.910763586570462969e-02
9.350000000000000000e+02,4.910686693942960257e-02
9.360000000000000000e+02,4.910603092565138383e-02
9.370000000000000000e+02,4.910516409899823992e-02
9.380000000000000000e+02,4.910428271088589092e-02
9.390000000000000000e+02,4.910341313127591922e-02
9.400000000000000000e+02,4.910244815044810529e-02
9.410000000000000000e+02,4.910147897804420514e-02
9.420000000000000000e+02,4.910055479228332687e-02
9.430000000000000000e+02,4.909950204528559792e-02
9.440000000000000000e+02,4.909849607075750244e-02
9.450000000000000000e+02,4.909745280018561892e-02
9.460000000000000000e+02,4.909631106774035858e-02
9.470000000000000000e+02,4.909522987088044826e-02
9.480000000000000000e+02,4.909410110228777657e-02
9.490000000000000000e+02,4.909293374642544755e-02
9.500000000000000000e+02,4.909178600649417856e-02
9.510000000000000000e+02,4.909055220351721954e-02
9.520000000000000000e+02,4.908931517235253644e-02
9.530000000000000000e+02,4.908811625194527822e-02
9.540000000000000000e+02,4.908696650895193192e-02
9.550000000000000000e+02,4.908578915105727553e-02
9.560000000000000000e+02,4.908464004653925739e-02
9.570000000000000000e+02,4.908352739338546489e-02
9.580000000000000000e+02,4.908240461940629323e-02
9.590000000000000000e+02,4.908138927285859987e-02
9.600000000000000000e+02,4.908032212632627150e-02
9.610000000000000000e+02,4.907935870550535901e-02
9.620000000000000000e+02,4.907831424491126276e-02
9.630000000000000000e+02,4.907734272124531644e-02
9.640000000000000000e+02,4.907639529458485833e-02
9.650000000000000000e+02,4.907546929297883914e-02
9.660000000000000000e+02,4.907457701400338990e-02
9.670000000000000000e+02,4.907368855455550988e-02
9.680000000000000000e+02,4.907282792834687796e-02
9.690000000000000000e+02,4.907200819861814306e-02
9.700000000000000000e+02,4.907119554357847885e-02
9.710000000000000000e+02,4.907042790190131731e-02
9.720000000000000000e+02,4.906966459286132148e-02
9.730000000000000000e+02,4.906892706455278502e-02
9.740000000000000000e+02,4.906821751363208556e-02
9.750000000000000000e+02,4.906755561458320952e-02
9.760000000000000000e+02,4.906689956078540832e-02
9.770000000000000000e+02,4.906622490718476337e-02
9.780000000000000000e+02,4.906564001158067456e-02
9.790000000000000000e+02,4.906507505822929605e-02
9.800000000000000000e+02,4.906451230272120684e-02
9.810000000000000000e+02,4.906395126752653713e-02
9.820000000000000000e+02,4.906342678918175493e-02
9.830000000000000000e+02,4.906296075111730298e-02
9.840000000000000000e+02,4.906249859620700343e-02
9.850000000000000000e+02,4.906205880032525612e-02
9.860000000000000000e+02,4.906161098094513617e-02
9.870000000000000000e+02,4.906122298541960858e-02
9.880000000000000000e+02,4.906085603509045823e-02
9.890000000000000000e+02,4.906052317167138715e-02
9.900000000000000000e+02,4.906023291875445669e-02
9.910000000000000000e+02,4.905992272383816882e-02
9.920000000000000000e+02,4.905970467429934811e-02
9.930000000000000000e+02,4.905945242310377069e-02
9.940000000000000000e+02,4.905922740374171753e-02
9.950000000000000000e+02,4.905903736197244486e-02
9.960000000000000000e+02,4.905883789556474139e-02
9.970000000000000000e+02,4.905872035677133480e-02
9.980000000000000000e+02,4.905861751513584945e-02
9.990000000000000000e+02,4.905848009443292829e-02
1.000000000000000000e+03,4.905844780369896657e-02
