1.000000000000000000e+00,1.808197563541579456e+01
2.000000000000000000e+00,1.804620742972538494e+01
3.000000000000000000e+00,1.789892008578842564e+01
4.000000000000000000e+00,1.753454592249281774e+01
5.000000000000000000e+00,1.668192951452301998e+01
6.000000000000000000e+00,1.514377034716725490e+01
7.000000000000000000e+00,1.300919463391719688e+01
8.000000000000000000e+00,9.724562338466732569e+00
9.000000000000000000e+00,6.344609201373071272e+00
1.000000000000000000e+01,4.791701890203666991e+00
1.100000000000000000e+01,6.648370730193832401e+00
1.200000000000000000e+01,7.182791872743890416e+00
1.300000000000000000e+01,4.947922872438478947e+00
1.400000000000000000e+01,2.474601077766166224e+00
1.500000000000000000e+01,1.227990533984002930e+00
1.600000000000000000e+01,1.172888203359951476e+00
1.700000000000000000e+01,1.453529615928551122e+00
1.800000000000000000e+01,1.230080960145375713e+00
1.900000000000000000e+01,4.974586024691458053e-01
2.000000000000000000e+01,6.292918852244316907e-02
2.100000000000000000e+01,6.599746128901673448e-01
2.200000000000000000e+01,1.404198081228100525e+00
2.300000000000000000e+01,9.269995171699834113e-01
2.400000000000000000e+01,3.144495180511633903e-01
2.500000000000000000e+01,3.898078275238995860e-01
2.600000000000000000e+01,8.179697357620561160e-01
2.700000000000000000e+01,9.008463429197112182e-01
2.800000000000000000e+01,5.116881808020036226e-01
2.900000000000000000e+01,2.990212148837146922e-01
3.000000000000000000e+01,6.184390324313079335e-01
3.100000000000000000e+01,6.982424433507588013e-01
3.200000000000000000e+01,3.088964775632529469e-01
3.300000000000000000e+01,2.923000878440301098e-01
3.400000000000000000e+01,5.455962963581110214e-01
3.500000000000000000e+01,3.760202425964445094e-01
3.600000000000000000e+01,1.330509563935687312e-01
3.700000000000000000e+01,3.340484810335108690e-01
3.800000000000000000e+01,3.077672236689316110e-01
3.900000000000000000e+01,6.641013669421041987e-02
4.000000000000000000e+01,2.145330585590589645e-01
4.100000000000000000e+01,2.130719854616779096e-01
4.200000000000000000e+01,2.338379905244698798e-02
4.300000000000000000e+01,1.633376180897470331e-01
4.400000000000000000e+01,1.213566824147561257e-01
4.500000000000000000e+01,1.720793775683130203e-02
4.600000000000000000e+01,1.511166218350684654e-01
4.700000000000000000e+01,5.135308921380971059e-02
4.800000000000000000e+01,5.711321935502598063e-02
4.900000000000000000e+01,1.233741217768255516e-01
5.000000000000000000e+01,2.146442383745305119e-02
5.100000000000000000e+01,1.127659460534531088e-01
5.200000000000000000e+01,5.906933185865942404e-02
5.300000000000000000e+01,5.795692926060899003e-02
5.400000000000000000e+01,9.264487656646407110e-02
5.500000000000000000e+01,3.086826466674492606e-02
5.600000000000000000e+01,7.938631173802049301e-02
5.700000000000000000e+01,4.609561771203906505e-02
5.800000000000000000e+01,3.740039704415884514e-02
5.900000000000000000e+01,5.999801904118411827e-02
6.000000000000000000e+01,2.111596567456454354e-02
6.100000000000000000e+01,3.920160428365899313e-02
6.200000000000000000e+01,3.383330837100753663e-02
6.300000000000000000e+01,1.393956689000185219e-02
6.400000000000000000e+01,3.167033882037112447e-02
6.500000000000000000e+01,1.782180182479708302e-02
6.600000000000000000e+01,1.221670263281248933e-02
6.700000000000000000e+01,2.337792213345896153e-02
6.800000000000000000e+01,1.146178382471899765e-02
6.900000000000000000e+01,1.106316533599663657e-02
7.000000000000000000e+01,1.815956187290496127e-02
7.100000000000000000e+01,9.769050737471635451e-03
7.200000000000000000e+01,1.018498428846351979e-02
7.300000000000000000e+01,1.523436196644847515e-02
7.400000000000000000e+01,1.012999619859334191e-02
7.500000000000000000e+01,9.264725655093631815e-03
7.600000000000000000e+01,1.327622790894257554e-02
7.700000000000000000e+01,1.091779749865141522e-02
7.800000000000000000e+01,8.775682120339505649e-03
7.900000000000000000e+01,1.126661491650446725e-02
8.000000000000000000e+01,1.137841306104759621e-02
8.100000000000000000e+01,9.065677855356385831e-03
8.200000000000000000e+01,9.346882111917139552e-03
8.300000000000000000e+01,1.065031755938099581e-02
8.400000000000000000e+01,9.847440427081126380e-03
8.500000000000000000e+01,8.664556209408945386e-03
8.600000000000000000e+01,9.012833888128313556e-03
8.700000000000000000e+01,9.617599554506616952e-03
8.800000000000000000e+01,9.202922606891277349e-03
8.900000000000000000e+01,8.488460690992814806e-03
9.000000000000000000e+01,8.408398453926596919e-03
9.100000000000000000e+01,8.726020748117995635e-03
9.200000000000000000e+01,8.795407288296339804e-03
9.300000000000000000e+01,8.519172876451602469e-03
9.400000000000000000e+01,8.226496838775002388e-03
9.500000000000000000e+01,8.135556710700635880e-03
9.600000000000000000e+01,8.194404672541070328e-03
9.700000000000000000e+01,8.260880300593086839e-03
9.800000000000000000e+01,8.264698851596415791e-03
9.900000000000000000e+01,8.219679567904919840e-03
1.000000000000000000e+02,8.165454047694311115e-03
1.010000000000000000e+02,8.127587844082894211e-03
1.020000000000000000e+02,8.114126383446997395e-03
1.030000000000000000e+02,8.075739094481369090e-03
1.040000000000000000e+02,8.033556423870356206e-03
1.050000000000000000e+02,8.026309561946623483e-03
1.060000000000000000e+02,8.079140374931747387e-03
1.070000000000000000e+02,8.161315636886599598e-03
1.080000000000000000e+02,8.187230801977109923e-03
1.090000000000000000e+02,8.098575477596370656e-03
1.100000000000000000e+02,7.959112054601107447e-03
1.110000000000000000e+02,7.912153285194772206e-03
1.120000000000000000e+02,7.989881232978226014e-03
1.130000000000000000e+02,8.035729500063018907e-03
1.140000000000000000e+02,7.933323821143648674e-03
1.150000000000000000e+02,7.821564657426539890e-03
1.160000000000000000e+02,7.863750843897144086e-03
1.170000000000000000e+02,7.926080980997793693e-03
1.180000000000000000e+02,7.839576842404832532e-03
1.190000000000000000e+02,7.768577726350547885e-03
1.200000000000000000e+02,7.841770117050258018e-03
1.210000000000000000e+02,7.847502273793036109e-03
1.220000000000000000e+02,7.760587015957743154e-03
1.230000000000000000e+02,7.799728124867512727e-03
1.240000000000000000e+02,7.839262839344437322e-03
1.250000000000000000e+02,7.769418618973848029e-03
1.260000000000000000e+02,7.800780421684760241e-03
1.270000000000000000e+02,7.832085849389720800e-03
1.280000000000000000e+02,7.775342840032384989e-03
1.290000000000000000e+02,7.817615602788504856e-03
1.300000000000000000e+02,7.814214076277067877e-03
1.310000000000000000e+02,7.781099993364766834e-03
1.320000000000000000e+02,7.822151495306343960e-03
1.330000000000000000e+02,7.780345359366691929e-03
1.340000000000000000e+02,7.792297843983641767e-03
1.350000000000000000e+02,7.787824744702465107e-03
1.360000000000000000e+02,7.761783346275136566e-03
1.370000000000000000e+02,7.780422882226658426e-03
1.380000000000000000e+02,7.743408823135600715e-03
1.390000000000000000e+02,7.762477177672049214e-03
1.400000000000000000e+02,7.732853069859997597e-03
1.410000000000000000e+02,7.744509517202418161e-03
1.420000000000000000e+02,7.725604686470941354e-03
1.430000000000000000e+02,7.731886942058527855e-03
1.440000000000000000e+02,7.720087686121333836e-03
1.450000000000000000e+02,7.724920742591066466e-03
1.460000000000000000e+02,7.715586815198944778e-03
1.470000000000000000e+02,7.721522844357467386e-03
1.480000000000000000e+02,7.711107856190516086e-03
1.490000000000000000e+02,7.718788410733760236e-03
1.500000000000000000e+02,7.706074193119930894e-03
1.510000000000000000e+02,7.713836851633079986e-03
1.520000000000000000e+02,7.701087644465844095e-03
1.530000000000000000e+02,7.704404831100195375e-03
1.540000000000000000e+02,7.696013223036750339e-03
1.550000000000000000e+02,7.694540235872245060e-03
1.560000000000000000e+02,7.690067295449170420e-03
1.570000000000000000e+02,7.686049776535266130e-03
1.580000000000000000e+02,7.683857291645820875e-03
1.590000000000000000e+02,7.679335116062106781e-03
1.600000000000000000e+02,7.678149717298021759e-03
1.610000000000000000e+02,7.674164527399841493e-03
1.620000000000000000e+02,7.673229645386735534e-03
1.630000000000000000e+02,7.670086194331640628e-03
1.640000000000000000e+02,7.668919595897180294e-03
1.650000000000000000e+02,7.666671368103005445e-03
1.660000000000000000e+02,7.665018343652180502e-03
1.670000000000000000e+02,7.663534081739703172e-03
1.680000000000000000e+02,7.661359069781084954e-03
1.690000000000000000e+02,7.660445958555511976e-03
1.700000000000000000e+02,7.657973324907883794e-03
1.710000000000000000e+02,7.657241281223967251e-03
1.720000000000000000e+02,7.655001237745995453e-03
1.730000000000000000e+02,7.653933809420903484e-03
1.740000000000000000e+02,7.652349321224660716e-03
1.750000000000000000e+02,7.650759524251370645e-03
1.760000000000000000e+02,7.649775814139338562e-03
1.770000000000000000e+02,7.648112948711595707e-03
1.780000000000000000e+02,7.647097305224543826e-03
1.790000000000000000e+02,7.645945592504997668e-03
1.800000000000000000e+02,7.644655014965038090e-03
1.810000000000000000e+02,7.643812092486561641e-03
1.820000000000000000e+02,7.642746008877354322e-03
1.830000000000000000e+02,7.641740646209822796e-03
1.840000000000000000e+02,7.640993839445428537e-03
1.850000000000000000e+02,7.640138539044370215e-03
1.860000000000000000e+02,7.639295446931566348e-03
1.870000000000000000e+02,7.638643677836502721e-03
1.880000000000000000e+02,7.637991324615376471e-03
1.890000000000000000e+02,7.637306720955533944e-03
1.900000000000000000e+02,7.636742850821189726e-03
1.910000000000000000e+02,7.636249942968668762e-03
1.920000000000000000e+02,7.635754703749173325e-03
1.930000000000000000e+02,7.635289845129015346e-03
1.940000000000000000e+02,7.634904984988193088e-03
1.950000000000000000e+02,7.634564838319896941e-03
1.960000000000000000e+02,7.634270355686945467e-03
1.970000000000000000e+02,7.634016540212651934e-03
1.980000000000000000e+02,7.633791844544744049e-03
1.990000000000000000e+02,7.633630926952739149e-03
2.000000000000000000e+02,7.633512786463689595e-03
2.010000000000000000e+02,7.633446704382302814e-03
2.020000000000000000e+02,7.633422122452129983e-03
2.030000000000000000e+02,7.633353180123560872e-03
2.040000000000000000e+02,7.633232869625143809e-03
2.050000000000000000e+02,7.633067417984197925e-03
2.060000000000000000e+02,7.632854156136836647e-03
2.070000000000000000e+02,7.632590859439162059e-03
2.080000000000000000e+02,7.632291946738267024e-03
2.090000000000000000e+02,7.631942590950777094e-03
2.100000000000000000e+02,7.631533624286757078e-03
2.110000000000000000e+02,7.631085685183469983e-03
2.120000000000000000e+02,7.630593974383072242e-03
2.130000000000000000e+02,7.630051490560074007e-03
2.140000000000000000e+02,7.629458657185514761e-03
2.150000000000000000e+02,7.628816388609193505e-03
2.160000000000000000e+02,7.628128087174070558e-03
2.170000000000000000e+02,7.627395455660726520e-03
2.180000000000000000e+02,7.626621470382084073e-03
2.190000000000000000e+02,7.625780917597722169e-03
2.200000000000000000e+02,7.624909172199670349e-03
2.210000000000000000e+02,7.623981812872093582e-03
2.220000000000000000e+02,7.623007378780495905e-03
2.230000000000000000e+02,7.621989864468445633e-03
2.240000000000000000e+02,7.620926608162909011e-03
2.250000000000000000e+02,7.619807644799303503e-03
2.260000000000000000e+02,7.618656249026391214e-03
2.270000000000000000e+02,7.617451051143532895e-03
2.280000000000000000e+02,7.616194386468880945e-03
2.290000000000000000e+02,7.614900112489589659e-03
2.300000000000000000e+02,7.613556433920105199e-03
2.310000000000000000e+02,7.612172706881826893e-03
2.320000000000000000e+02,7.610746364637467620e-03
2.330000000000000000e+02,7.609268154590403607e-03
2.340000000000000000e+02,7.607747901447403475e-03
2.350000000000000000e+02,7.606188295497539470e-03
2.360000000000000000e+02,7.604577530477727235e-03
2.370000000000000000e+02,7.602918837797708988e-03
2.380000000000000000e+02,7.601232799126084183e-03
2.390000000000000000e+02,7.599500980587312222e-03
2.400000000000000000e+02,7.597725281073868658e-03
2.410000000000000000e+02,7.595914423705581522e-03
2.420000000000000000e+02,7.594056938686180938e-03
2.430000000000000000e+02,7.592151673543669731e-03
2.440000000000000000e+02,7.590220495856666444e-03
2.450000000000000000e+02,7.588243886995048315e-03
2.460000000000000000e+02,7.586229589669971594e-03
2.470000000000000000e+02,7.584169437144176740e-03
2.480000000000000000e+02,7.582074210215222244e-03
2.490000000000000000e+02,7.579950738231319186e-03
2.500000000000000000e+02,7.577770800253649103e-03
2.510000000000000000e+02,7.575578492134048270e-03
2.520000000000000000e+02,7.573341372235486285e-03
2.530000000000000000e+02,7.571136428778459798e-03
2.540000000000000000e+02,7.569010440996394931e-03
2.550000000000000000e+02,7.566923477462178874e-03
2.560000000000000000e+02,7.564884149171570080e-03
2.570000000000000000e+02,7.562890134681258397e-03
2.580000000000000000e+02,7.560963151529383197e-03
2.590000000000000000e+02,7.559072927720911390e-03
2.600000000000000000e+02,7.557236965752435649e-03
2.610000000000000000e+02,7.555443051153621498e-03
2.620000000000000000e+02,7.553696690199335553e-03
2.630000000000000000e+02,7.552005483954538426e-03
2.640000000000000000e+02,7.550354910548173759e-03
2.650000000000000000e+02,7.548744431836418647e-03
2.660000000000000000e+02,7.547189670641578883e-03
2.670000000000000000e+02,7.545671721595668090e-03
2.680000000000000000e+02,7.544212197088521511e-03
2.690000000000000000e+02,7.542782476747320053e-03
2.700000000000000000e+02,7.541402149293314691e-03
2.710000000000000000e+02,7.540070398021712222e-03
2.720000000000000000e+02,7.538780973454972147e-03
2.730000000000000000e+02,7.537526108084557919e-03
2.740000000000000000e+02,7.536333685093483774e-03
2.750000000000000000e+02,7.535168637725788050e-03
2.760000000000000000e+02,7.534046189027162818e-03
2.770000000000000000e+02,7.532974394717196868e-03
2.780000000000000000e+02,7.531945116164793022e-03
2.790000000000000000e+02,7.530956149223400238e-03
2.800000000000000000e+02,7.529999675020913191e-03
2.810000000000000000e+02,7.529102459663013572e-03
2.820000000000000000e+02,7.528239024785554623e-03
2.830000000000000000e+02,7.527412992638832928e-03
2.840000000000000000e+02,7.526632040785834026e-03
2.850000000000000000e+02,7.525897724926750715e-03
2.860000000000000000e+02,7.525198774907704280e-03
2.870000000000000000e+02,7.524547007674990337e-03
2.880000000000000000e+02,7.523934906174300878e-03
2.890000000000000000e+02,7.523359984916421286e-03
2.900000000000000000e+02,7.522832246439582413e-03
2.910000000000000000e+02,7.522355499699717035e-03
2.920000000000000000e+02,7.521913451282146064e-03
2.930000000000000000e+02,7.521509970958519323e-03
2.940000000000000000e+02,7.521137390056120003e-03
2.950000000000000000e+02,7.520818279623663061e-03
2.960000000000000000e+02,7.520544875337323125e-03
2.970000000000000000e+02,7.520314711878322948e-03
2.980000000000000000e+02,7.520121055458630147e-03
2.990000000000000000e+02,7.519969720527472368e-03
3.000000000000000000e+02,7.519862174959797939e-03
3.010000000000000000e+02,7.519800538959458755e-03
3.020000000000000000e+02,7.519775761184384864e-03
3.030000000000000000e+02,7.519712024736065203e-03
3.040000000000000000e+02,7.519608964036313126e-03
3.050000000000000000e+02,7.519456208189460346e-03
3.060000000000000000e+02,7.519264827849410880e-03
3.070000000000000000e+02,7.519016878871993305e-03
3.080000000000000000e+02,7.518737404704892158e-03
3.090000000000000000e+02,7.518421407119047634e-03
3.100000000000000000e+02,7.518053737354273361e-03
3.110000000000000000e+02,7.517642963796762612e-03
3.120000000000000000e+02,7.517183239096926484e-03
3.130000000000000000e+02,7.516682814084163153e-03
3.140000000000000000e+02,7.516138227260708848e-03
3.150000000000000000e+02,7.515552561078974944e-03
3.160000000000000000e+02,7.514914288609792457e-03
3.170000000000000000e+02,7.514239999309300054e-03
3.180000000000000000e+02,7.513516483806996667e-03
3.190000000000000000e+02,7.512741191338811846e-03
3.200000000000000000e+02,7.511939239093096479e-03
3.210000000000000000e+02,7.511092159843498275e-03
3.220000000000000000e+02,7.510184687076524625e-03
3.230000000000000000e+02,7.509248745318132350e-03
3.240000000000000000e+02,7.508262551356007647e-03
3.250000000000000000e+02,7.507230109212399694e-03
3.260000000000000000e+02,7.506144859598015348e-03
3.270000000000000000e+02,7.505020043182677320e-03
3.280000000000000000e+02,7.503852740815841055e-03
3.290000000000000000e+02,7.502647688275854154e-03
3.300000000000000000e+02,7.501385020461008926e-03
3.310000000000000000e+02,7.500093951129166089e-03
3.320000000000000000e+02,7.498746712913446737e-03
3.330000000000000000e+02,7.497367325335952196e-03
3.340000000000000000e+02,7.495931357495704862e-03
3.350000000000000000e+02,7.494454742356337212e-03
3.360000000000000000e+02,7.492932172346587413e-03
3.370000000000000000e+02,7.491371012093355972e-03
3.380000000000000000e+02,7.489748874519373649e-03
3.390000000000000000e+02,7.488106556346977617e-03
3.400000000000000000e+02,7.486413088653558374e-03
3.410000000000000000e+02,7.484667698642413422e-03
3.420000000000000000e+02,7.482892108305348733e-03
3.430000000000000000e+02,7.481059392708296410e-03
3.440000000000000000e+02,7.479191422333959956e-03
3.450000000000000000e+02,7.477280802143909666e-03
3.460000000000000000e+02,7.475317175505403165e-03
3.470000000000000000e+02,7.473323575317967343e-03
3.480000000000000000e+02,7.471283708138061648e-03
3.490000000000000000e+02,7.469192048582345977e-03
3.500000000000000000e+02,7.467066444218109847e-03
3.510000000000000000e+02,7.464890123283612552e-03
3.520000000000000000e+02,7.462673214090578128e-03
3.530000000000000000e+02,7.460508554613541968e-03
3.540000000000000000e+02,7.458380408696240610e-03
3.550000000000000000e+02,7.456298290073055945e-03
3.560000000000000000e+02,7.454270449180409701e-03
3.570000000000000000e+02,7.452276158292053809e-03
3.580000000000000000e+02,7.450327433661538615e-03
3.590000000000000000e+02,7.448418752671709733e-03
3.600000000000000000e+02,7.446569537021831622e-03
3.610000000000000000e+02,7.444742849228328137e-03
3.620000000000000000e+02,7.442980394395915314e-03
3.630000000000000000e+02,7.441252673400160916e-03
3.640000000000000000e+02,7.439576314487307551e-03
3.650000000000000000e+02,7.437930213261529679e-03
3.660000000000000000e+02,7.436329756836394106e-03
3.670000000000000000e+02,7.434775291350483907e-03
3.680000000000000000e+02,7.433263465892396560e-03
3.690000000000000000e+02,7.431795241962674443e-03
3.700000000000000000e+02,7.430375898576058527e-03
3.710000000000000000e+02,7.428987264189531106e-03
3.720000000000000000e+02,7.427654021266283553e-03
3.730000000000000000e+02,7.426361839204530767e-03
3.740000000000000000e+02,7.425113246526634722e-03
3.750000000000000000e+02,7.423907776471659961e-03
3.760000000000000000e+02,7.422749611593643972e-03
3.770000000000000000e+02,7.421620374613564428e-03
3.780000000000000000e+02,7.420541737585942960e-03
3.790000000000000000e+02,7.419511704683611104e-03
3.800000000000000000e+02,7.418519696729163233e-03
3.810000000000000000e+02,7.417572760523769709e-03
3.820000000000000000e+02,7.416665815448314145e-03
3.830000000000000000e+02,7.415808127215467623e-03
3.840000000000000000e+02,7.414997558719752316e-03
3.850000000000000000e+02,7.414213227454012449e-03
3.860000000000000000e+02,7.413486318944282824e-03
3.870000000000000000e+02,7.412797669801146454e-03
3.880000000000000000e+02,7.412167402474387039e-03
3.890000000000000000e+02,7.411555128959097100e-03
3.900000000000000000e+02,7.411002749570458521e-03
3.910000000000000000e+02,7.410494102055114468e-03
3.920000000000000000e+02,7.410018714297131846e-03
3.930000000000000000e+02,7.409601721089302886e-03
3.940000000000000000e+02,7.409214142566690128e-03
3.950000000000000000e+02,7.408885474466836082e-03
3.960000000000000000e+02,7.408594693269017831e-03
3.970000000000000000e+02,7.408337663253465252e-03
3.980000000000000000e+02,7.408139979417012119e-03
3.990000000000000000e+02,7.407989087264144068e-03
4.000000000000000000e+02,7.407877045087931864e-03
4.010000000000000000e+02,7.407809308516652771e-03
4.020000000000000000e+02,7.407780642334774873e-03
4.030000000000000000e+02,7.407719480339678732e-03
4.040000000000000000e+02,7.407604852937990994e-03
4.050000000000000000e+02,7.407444954887890121e-03
4.060000000000000000e+02,7.407230251185392689e-03
4.070000000000000000e+02,7.406994287871001420e-03
4.080000000000000000e+02,7.406683969798457529e-03
4.090000000000000000e+02,7.406350867073923858e-03
4.100000000000000000e+02,7.405959024815490094e-03
4.110000000000000000e+02,7.405535004857780393e-03
4.120000000000000000e+02,7.405052759434398689e-03
4.130000000000000000e+02,7.404533492049345314e-03
4.140000000000000000e+02,7.403952871550317262e-03
4.150000000000000000e+02,7.403335235887755980e-03
4.160000000000000000e+02,7.402662967814038070e-03
4.170000000000000000e+02,7.401949305641466678e-03
4.180000000000000000e+02,7.401199117214273676e-03
4.190000000000000000e+02,7.400396379116502138e-03
4.200000000000000000e+02,7.399542178926942979e-03
4.210000000000000000e+02,7.398643120936457783e-03
4.220000000000000000e+02,7.397683005149303243e-03
4.230000000000000000e+02,7.396703133638049543e-03
4.240000000000000000e+02,7.395650688518693588e-03
4.250000000000000000e+02,7.394564368832265248e-03
4.260000000000000000e+02,7.393425024723072891e-03
4.270000000000000000e+02,7.392246594684114339e-03
4.280000000000000000e+02,7.391013242102450163e-03
4.290000000000000000e+02,7.389731356226796402e-03
4.300000000000000000e+02,7.388414145577509515e-03
4.310000000000000000e+02,7.387037191615548892e-03
4.320000000000000000e+02,7.385616134240345632e-03
4.330000000000000000e+02,7.384144913881415459e-03
4.340000000000000000e+02,7.382634855317210185e-03
4.350000000000000000e+02,7.381067040072165041e-03
4.360000000000000000e+02,7.379444232605027014e-03
4.370000000000000000e+02,7.377794574499696965e-03
4.380000000000000000e+02,7.376080529096344131e-03
4.390000000000000000e+02,7.374322194358313293e-03
4.400000000000000000e+02,7.372520989433862561e-03
4.410000000000000000e+02,7.370664666418801081e-03
4.420000000000000000e+02,7.368765594860814463e-03
4.430000000000000000e+02,7.366825512694699651e-03
4.440000000000000000e+02,7.364824405589171473e-03
4.450000000000000000e+02,7.362781813754880854e-03
4.460000000000000000e+02,7.360683001217349815e-03
4.470000000000000000e+02,7.358547066136508601e-03
4.480000000000000000e+02,7.356363382127755965e-03
4.490000000000000000e+02,7.354126923255836258e-03
4.500000000000000000e+02,7.351851357794542650e-03
4.510000000000000000e+02,7.349520413932446490e-03
4.520000000000000000e+02,7.347142300760966561e-03
4.530000000000000000e+02,7.344798866037901587e-03
4.540000000000000000e+02,7.342513300080432889e-03
4.550000000000000000e+02,7.340280776174807828e-03
4.560000000000000000e+02,7.338078964371445162e-03
4.570000000000000000e+02,7.335938131522516149e-03
4.580000000000000000e+02,7.333831505691975131e-03
4.590000000000000000e+02,7.331779273379444156e-03
4.600000000000000000e+02,7.329765664984716836e-03
4.610000000000000000e+02,7.327803179442581374e-03
4.620000000000000000e+02,7.325890813613575650e-03
4.630000000000000000e+02,7.324019389070230215e-03
4.640000000000000000e+02,7.322200653541341767e-03
4.650000000000000000e+02,7.320419725213160242e-03
4.660000000000000000e+02,7.318682234948805168e-03
4.670000000000000000e+02,7.317005437451673533e-03
4.680000000000000000e+02,7.315365501895246605e-03
4.690000000000000000e+02,7.313773967360654230e-03
4.700000000000000000e+02,7.312231737330765653e-03
4.710000000000000000e+02,7.310733575766639042e-03
4.720000000000000000e+02,7.309273980424767225e-03
4.730000000000000000e+02,7.307881827527088967e-03
4.740000000000000000e+02,7.306521568705015221e-03
4.750000000000000000e+02,7.305211677650329770e-03
4.760000000000000000e+02,7.303950094099718494e-03
4.770000000000000000e+02,7.302726995321427543e-03
4.780000000000000000e+02,7.301561910325772044e-03
4.790000000000000000e+02,7.300431923517159902e-03
4.800000000000000000e+02,7.299361633673278650e-03
4.810000000000000000e+02,7.298329062846621237e-03
4.820000000000000000e+02,7.297343471395423969e-03
4.830000000000000000e+02,7.296405665103195340e-03
4.840000000000000000e+02,7.295522946946264922e-03
4.850000000000000000e+02,7.294677636452657349e-03
4.860000000000000000e+02,7.293885608976289486e-03
4.870000000000000000e+02,7.293139096415558395e-03
4.880000000000000000e+02,7.292436942322284670e-03
4.890000000000000000e+02,7.291790141412841757e-03
4.900000000000000000e+02,7.291182000164108529e-03
4.910000000000000000e+02,7.290624434208078236e-03
4.920000000000000000e+02,7.290117748797339710e-03
4.930000000000000000e+02,7.289656569907206757e-03
4.940000000000000000e+02,7.289244778028017291e-03
4.950000000000000000e+02,7.288882154099835323e-03
4.960000000000000000e+02,7.288569419133400680e-03
4.970000000000000000e+02,7.288298170876833862e-03
4.980000000000000000e+02,7.288077453644460982e-03
4.990000000000000000e+02,7.287913897835490880e-03
5.000000000000000000e+02,7.287787804934832761e-03
5.010000000000000000e+02,7.287718723130285139e-03
5.020000000000000000e+02,7.287689590555196731e-03
5.030000000000000000e+02,7.287609366820468546e-03
5.040000000000000000e+02,7.287490667898891342e-03
5.050000000000000000e+02,7.287324030089350688e-03
5.060000000000000000e+02,7.287100617860766370e-03
5.070000000000000000e+02,7.286831744443847403e-03
5.080000000000000000e+02,7.286508723203213161e-03
5.090000000000000000e+02,7.286141532729529212e-03
5.100000000000000000e+02,7.285718574615843678e-03
5.110000000000000000e+02,7.285253236040274347e-03
5.120000000000000000e+02,7.284731740714587775e-03
5.130000000000000000e+02,7.284158479515630974e-03
5.140000000000000000e+02,7.283539372059605679e-03
5.150000000000000000e+02,7.282871649735859522e-03
5.160000000000000000e+02,7.282155896319274235e-03
5.170000000000000000e+02,7.281379708224833096e-03
5.180000000000000000e+02,7.280562210286235444e-03
5.190000000000000000e+02,7.279689290622363626e-03
5.200000000000000000e+02,7.278763211691973573e-03
5.210000000000000000e+02,7.277787127283750351e-03
5.220000000000000000e+02,7.276767616426305790e-03
5.230000000000000000e+02,7.275689835142543777e-03
5.240000000000000000e+02,7.274556843938497809e-03
5.250000000000000000e+02,7.273385140638107330e-03
5.260000000000000000e+02,7.272154063988858774e-03
5.270000000000000000e+02,7.270888253299717663e-03
5.280000000000000000e+02,7.269552667698681372e-03
5.290000000000000000e+02,7.268160765065061722e-03
5.300000000000000000e+02,7.266718500999512845e-03
5.310000000000000000e+02,7.265241435654920532e-03
5.320000000000000000e+02,7.263707243895327868e-03
5.330000000000000000e+02,7.262113366390798505e-03
5.340000000000000000e+02,7.260480219280887430e-03
5.350000000000000000e+02,7.258788603414036145e-03
5.360000000000000000e+02,7.257052022134043677e-03
5.370000000000000000e+02,7.255255386388857058e-03
5.380000000000000000e+02,7.253399625696150925e-03
5.390000000000000000e+02,7.251511760545559238e-03
5.400000000000000000e+02,7.249562039367543273e-03
5.410000000000000000e+02,7.247564067083012498e-03
5.420000000000000000e+02,7.245509303002679174e-03
5.430000000000000000e+02,7.243405916733952274e-03
5.440000000000000000e+02,7.241246528242316002e-03
5.450000000000000000e+02,7.239029634171856645e-03
5.460000000000000000e+02,7.236777758081216518e-03
5.470000000000000000e+02,7.234471192801286352e-03
5.480000000000000000e+02,7.232105806348821005e-03
5.490000000000000000e+02,7.229690532586989689e-03
5.500000000000000000e+02,7.227227372734863070e-03
5.510000000000000000e+02,7.224711679786499641e-03
5.520000000000000000e+02,7.222197830496311990e-03
5.530000000000000000e+02,7.220019890511348952e-03
5.540000000000000000e+02,7.219446974754843704e-03
5.550000000000000000e+02,7.226525343159812334e-03
5.560000000000000000e+02,7.267096033528925962e-03
5.570000000000000000e+02,7.439259292057490321e-03
5.580000000000000000e+02,8.062489588851369515e-03
5.590000000000000000e+02,1.004535623484153692e-02
5.600000000000000000e+02,1.531411811571383244e-02
5.610000000000000000e+02,2.760105286897216598e-02
5.620000000000000000e+02,4.786351691676352105e-02
5.630000000000000000e+02,7.676898076752623756e-02
5.640000000000000000e+02,8.484781827593411430e-02
5.650000000000000000e+02,6.834746938347983913e-02
5.660000000000000000e+02,2.279099652215814398e-02
5.670000000000000000e+02,8.469175770040861598e-03
5.680000000000000000e+02,3.118280482217390681e-02
5.690000000000000000e+02,2.974764367777764026e-02
5.700000000000000000e+02,8.346466941320103763e-03
5.710000000000000000e+02,1.642928863649130086e-02
5.720000000000000000e+02,2.009751404448774717e-02
5.730000000000000000e+02,7.253285139721038499e-03
5.740000000000000000e+02,1.561518737290109454e-02
5.750000000000000000e+02,1.090633773018962090e-02
5.760000000000000000e+02,9.495901619305417013e-03
5.770000000000000000e+02,1.248352080246152226e-02
5.780000000000000000e+02,7.533952960886680129e-03
5.790000000000000000e+02,1.171871995644271219e-02
5.800000000000000000e+02,7.201859823052150431e-03
5.810000000000000000e+02,1.054068192592233326e-02
5.820000000000000000e+02,7.224348517311789120e-03
5.830000000000000000e+02,9.551405275305938428e-03
5.840000000000000000e+02,7.439077017595085647e-03
5.850000000000000000e+02,8.497776547514955536e-03
5.860000000000000000e+02,7.962175412642082117e-03
5.870000000000000000e+02,7.465535031355486489e-03
5.880000000000000000e+02,8.287704999242471657e-03
5.890000000000000000e+02,7.196181187348623873e-03
5.900000000000000000e+02,7.696865030433616348e-03
5.910000000000000000e+02,7.738070793410425571e-03
5.920000000000000000e+02,7.156845421513298444e-03
5.930000000000000000e+02,7.457843146945747695e-03
5.940000000000000000e+02,7.557544613757108745e-03
5.950000000000000000e+02,7.226178094132949467e-03
5.960000000000000000e+02,7.177716402519816741e-03
5.970000000000000000e+02,7.328000597672573203e-03
5.980000000000000000e+02,7.343034736357221745e-03
5.990000000000000000e+02,7.247822436786370212e-03
6.000000000000000000e+02,7.175272504519422667e-03
6.010000000000000000e+02,7.152153199735736266e-03
6.020000000000000000e+02,7.149287484243147146e-03
6.030000000000000000e+02,7.153625535469976780e-03
6.040000000000000000e+02,7.187400708830905469e-03
6.050000000000000000e+02,7.234914240950272163e-03
6.060000000000000000e+02,7.230219772929924460e-03
6.070000000000000000e+02,7.166033144628063470e-03
6.080000000000000000e+02,7.158555194970422225e-03
6.090000000000000000e+02,7.227669328516725909e-03
6.100000000000000000e+02,7.207521175453502141e-03
6.110000000000000000e+02,7.145993628864012737e-03
6.120000000000000000e+02,7.207831189544568889e-03
6.130000000000000000e+02,7.198006859572296870e-03
6.140000000000000000e+02,7.146727517792947695e-03
6.150000000000000000e+02,7.212171334401678083e-03
6.160000000000000000e+02,7.156741132954161019e-03
6.170000000000000000e+02,7.176978442840954535e-03
6.180000000000000000e+02,7.180067842423049768e-03
6.190000000000000000e+02,7.151946601818836256e-03
6.200000000000000000e+02,7.185766269767879591e-03
6.210000000000000000e+02,7.142655439440028994e-03
6.220000000000000000e+02,7.180553601471495982e-03
6.230000000000000000e+02,7.140863534229097490e-03
6.240000000000000000e+02,7.169510724472784313e-03
6.250000000000000000e+02,7.145408566140248191e-03
6.260000000000000000e+02,7.151225389672888344e-03
6.270000000000000000e+02,7.156979397315093097e-03
6.280000000000000000e+02,7.130870471796346005e-03
6.290000000000000000e+02,7.160271281255365522e-03
6.300000000000000000e+02,7.132876790325036118e-03
6.310000000000000000e+02,7.134124348357610487e-03
6.320000000000000000e+02,7.151359394187656836e-03
6.330000000000000000e+02,7.126412692488790640e-03
6.340000000000000000e+02,7.124241046021272637e-03
6.350000000000000000e+02,7.142482059312427710e-03
6.360000000000000000e+02,7.133945120096544731e-03
6.370000000000000000e+02,7.114807566029013493e-03
6.380000000000000000e+02,7.115051851962266201e-03
6.390000000000000000e+02,7.128780667098301438e-03
6.400000000000000000e+02,7.138356651917257371e-03
6.410000000000000000e+02,7.139224379474571995e-03
6.420000000000000000e+02,7.136569423823268740e-03
6.430000000000000000e+02,7.137676577603438086e-03
6.440000000000000000e+02,7.151273699251987567e-03
6.450000000000000000e+02,7.200628801175065243e-03
6.460000000000000000e+02,7.366669493984024861e-03
6.470000000000000000e+02,7.980281308558899445e-03
6.480000000000000000e+02,1.048180964982461244e-02
6.490000000000000000e+02,2.215641541291818450e-02
6.500000000000000000e+02,8.029020205315512415e-02
6.510000000000000000e+02,4.167717586451686329e-01
6.520000000000000000e+02,2.023015928008637498e+00
6.530000000000000000e+02,6.836722209367910530e+00
6.540000000000000000e+02,1.545493097635276536e-01
6.550000000000000000e+02,5.472445397375933496e+00
6.560000000000000000e+02,8.975306804471847588e-01
6.570000000000000000e+02,4.207165438462391549e+00
6.580000000000000000e+02,2.994739140907105579e+00
6.590000000000000000e+02,4.645167479338150468e-02
6.600000000000000000e+02,2.945886649705644178e+00
6.610000000000000000e+02,8.218806885981810861e-01
6.620000000000000000e+02,4.496035725672564709e-01
6.630000000000000000e+02,1.804936765540857246e+00
6.640000000000000000e+02,1.322180891346160791e+00
6.650000000000000000e+02,1.005548331700921172e-01
6.660000000000000000e+02,5.803911678701852983e-01
6.670000000000000000e+02,1.141796381454994735e+00
6.680000000000000000e+02,1.944435317408359787e-01
6.690000000000000000e+02,1.318823132823004340e-01
6.700000000000000000e+02,6.126976113405437907e-01
6.710000000000000000e+02,6.354274178500211034e-01
6.720000000000000000e+02,2.306221563019749676e-01
6.730000000000000000e+02,9.225336273611259297e-03
6.740000000000000000e+02,2.447529754531261592e-01
6.750000000000000000e+02,4.016336544396433839e-01
6.760000000000000000e+02,1.851163772593796553e-01
6.770000000000000000e+02,1.184816206250932646e-02
6.780000000000000000e+02,7.774027139090851357e-02
6.790000000000000000e+02,1.980279263872621320e-01
6.800000000000000000e+02,2.068362358126807909e-01
6.810000000000000000e+02,1.118306301663395397e-01
6.820000000000000000e+02,2.194376039640600490e-02
6.830000000000000000e+02,1.737206626439831425e-02
6.840000000000000000e+02,7.376980130361013299e-02
6.850000000000000000e+02,1.085550536047729941e-01
6.860000000000000000e+02,8.523462213487130457e-02
6.870000000000000000e+02,3.750915020321624049e-02
6.880000000000000000e+02,9.615953443481697546e-03
6.890000000000000000e+02,1.250678918239744863e-02
6.900000000000000000e+02,3.033496064702404307e-02
6.910000000000000000e+02,4.423816663223220647e-02
6.920000000000000000e+02,4.577720407986306944e-02
6.930000000000000000e+02,3.704285595474677423e-02
6.940000000000000000e+02,2.473320617717185421e-02
6.950000000000000000e+02,1.462061664331785332e-02
6.960000000000000000e+02,9.116328739554218144e-03
6.970000000000000000e+02,7.681320636784619987e-03
6.980000000000000000e+02,8.487274157751511020e-03
6.990000000000000000e+02,9.857995041196221386e-03
7.000000000000000000e+02,1.088298769340094625e-02
7.010000000000000000e+02,1.135417264952864359e-02
7.020000000000000000e+02,1.144275172983032218e-02
7.030000000000000000e+02,1.150087350053536142e-02
7.040000000000000000e+02,1.128457513273220872e-02
7.050000000000000000e+02,1.064174475069527663e-02
7.060000000000000000e+02,9.613589311374209911e-03
7.070000000000000000e+02,8.492635226519178529e-03
7.080000000000000000e+02,7.744687181438906533e-03
7.090000000000000000e+02,7.769353815428200333e-03
7.100000000000000000e+02,8.604567350959872740e-03
7.110000000000000000e+02,9.787623341113389774e-03
7.120000000000000000e+02,1.055190934075024914e-02
7.130000000000000000e+02,1.032351041113616780e-02
7.140000000000000000e+02,9.201774054765210833e-03
7.150000000000000000e+02,7.995546074934479705e-03
7.160000000000000000e+02,7.635479289213870438e-03
7.170000000000000000e+02,8.337383794422592240e-03
7.180000000000000000e+02,9.311697858911095749e-03
7.190000000000000000e+02,9.491073989603093092e-03
7.200000000000000000e+02,8.672233335932547083e-03
7.210000000000000000e+02,7.771979712928270279e-03
7.220000000000000000e+02,7.758907250199897909e-03
7.230000000000000000e+02,8.486863536645954109e-03
7.240000000000000000e+02,8.910117869479655325e-03
7.250000000000000000e+02,8.449632714453859245e-03
7.260000000000000000e+02,7.743037351603794180e-03
7.270000000000000000e+02,7.728355531489990160e-03
7.280000000000000000e+02,8.283682489477953506e-03
7.290000000000000000e+02,8.446402934288520237e-03
7.300000000000000000e+02,7.951351382994929773e-03
7.310000000000000000e+02,7.612974154350977095e-03
7.320000000000000000e+02,7.908252672905473693e-03
7.330000000000000000e+02,8.210401607359254020e-03
7.340000000000000000e+02,7.957419087294345661e-03
7.350000000000000000e+02,7.626692800540195785e-03
7.360000000000000000e+02,7.787443398478179936e-03
7.370000000000000000e+02,8.035842566661224526e-03
7.380000000000000000e+02,7.848979069402264169e-03
7.390000000000000000e+02,7.618212755578745478e-03
7.400000000000000000e+02,7.773362596687478747e-03
7.410000000000000000e+02,7.909930010549457921e-03
7.420000000000000000e+02,7.718336958990451406e-03
7.430000000000000000e+02,7.621930477422317676e-03
7.440000000000000000e+02,7.787903965721322888e-03
7.450000000000000000e+02,7.788556667962234434e-03
7.460000000000000000e+02,7.626862462549731034e-03
7.470000000000000000e+02,7.676404835980459723e-03
7.480000000000000000e+02,7.771481521433823425e-03
7.490000000000000000e+02,7.665220278966095382e-03
7.500000000000000000e+02,7.625986702604791584e-03
7.510000000000000000e+02,7.722136834186121325e-03
7.520000000000000000e+02,7.679790283264079434e-03
7.530000000000000000e+02,7.612572042024604024e-03
7.540000000000000000e+02,7.671347640467509992e-03
7.550000000000000000e+02,7.678022444156652922e-03
7.560000000000000000e+02,7.617648765406107719e-03
7.570000000000000000e+02,7.633068006328735944e-03
7.580000000000000000e+02,7.665143482809850389e-03
7.590000000000000000e+02,7.632284456927755645e-03
7.600000000000000000e+02,7.613831578425437480e-03
7.610000000000000000e+02,7.640138533916091337e-03
7.620000000000000000e+02,7.641117393279391046e-03
7.630000000000000000e+02,7.615906534943255035e-03
7.640000000000000000e+02,7.617085405328810448e-03
7.650000000000000000e+02,7.632896048334016602e-03
7.660000000000000000e+02,7.626526458678205452e-03
7.670000000000000000e+02,7.612614549586334094e-03
7.680000000000000000e+02,7.616450904538086229e-03
7.690000000000000000e+02,7.625154157379418832e-03
7.700000000000000000e+02,7.620718596982657168e-03
7.710000000000000000e+02,7.612477329863552578e-03
7.720000000000000000e+02,7.613878186825117148e-03
7.730000000000000000e+02,7.619252692058904944e-03
7.740000000000000000e+02,7.618200826290390595e-03
7.750000000000000000e+02,7.613093301504822441e-03
7.760000000000000000e+02,7.611784141923052215e-03
7.770000000000000000e+02,7.614591889806577793e-03
7.780000000000000000e+02,7.616037769773976313e-03
7.790000000000000000e+02,7.614090410220249704e-03
7.800000000000000000e+02,7.611760126813246936e-03
7.810000000000000000e+02,7.611714077073303795e-03
7.820000000000000000e+02,7.613132534599943192e-03
7.830000000000000000e+02,7.613766982751199106e-03
7.840000000000000000e+02,7.612954107601360883e-03
7.850000000000000000e+02,7.611777310452835441e-03
7.860000000000000000e+02,7.611362912732637723e-03
7.870000000000000000e+02,7.611750304658769159e-03
7.880000000000000000e+02,7.612266845713575904e-03
7.890000000000000000e+02,7.612373053750581646e-03
7.900000000000000000e+02,7.612037740022776014e-03
7.910000000000000000e+02,7.611590880925648075e-03
7.920000000000000000e+02,7.611327421291608566e-03
7.930000000000000000e+02,7.611291951454057098e-03
7.940000000000000000e+02,7.611396454036102426e-03
7.950000000000000000e+02,7.611512799179489044e-03
7.960000000000000000e+02,7.611568985621359681e-03
7.970000000000000000e+02,7.611550358565847066e-03
7.980000000000000000e+02,7.611494773080051263e-03
7.990000000000000000e+02,7.611439255690200141e-03
8.000000000000000000e+02,7.611381971794475149e-03
8.010000000000000000e+02,7.611343633694783728e-03
8.020000000000000000e+02,7.611344245421517232e-03
8.030000000000000000e+02,7.611306985804083304e-03
8.040000000000000000e+02,7.611262579707557714e-03
8.050000000000000000e+02,7.611235047440531587e-03
8.060000000000000000e+02,7.611243618745892371e-03
8.070000000000000000e+02,7.611269912719204403e-03
8.080000000000000000e+02,7.611352131783419295e-03
8.090000000000000000e+02,7.611414444474697005e-03
8.100000000000000000e+02,7.611437817942533560e-03
8.110000000000000000e+02,7.611383288210031572e-03
8.120000000000000000e+02,7.611272686302705294e-03
8.130000000000000000e+02,7.611189435198622774e-03
8.140000000000000000e+02,7.611169475801744452e-03
8.150000000000000000e+02,7.611229638177458533e-03
8.160000000000000000e+02,7.611286416633747560e-03
8.170000000000000000e+02,7.611276984187351560e-03
8.180000000000000000e+02,7.611186868204009373e-03
8.190000000000000000e+02,7.611107099733881512e-03
8.200000000000000000e+02,7.611091041128109982e-03
8.210000000000000000e+02,7.611141832787637548e-03
8.220000000000000000e+02,7.611156505562888426e-03
8.230000000000000000e+02,7.611091347290669697e-03
8.240000000000000000e+02,7.611018717653787735e-03
8.250000000000000000e+02,7.611004119703866817e-03
8.260000000000000000e+02,7.611029138509299574e-03
8.270000000000000000e+02,7.611019232295916995e-03
8.280000000000000000e+02,7.610948779225610444e-03
8.290000000000000000e+02,7.610902453466049551e-03
8.300000000000000000e+02,7.610902645615301790e-03
8.310000000000000000e+02,7.610897133030048931e-03
8.320000000000000000e+02,7.610844296985849397e-03
8.330000000000000000e+02,7.610790616872467260e-03
8.340000000000000000e+02,7.610792753729923865e-03
8.350000000000000000e+02,7.610773051142768336e-03
8.360000000000000000e+02,7.610726078871792727e-03
8.370000000000000000e+02,7.610684721119318277e-03
8.380000000000000000e+02,7.610659522443434521e-03
8.390000000000000000e+02,7.610633366162277910e-03
8.400000000000000000e+02,7.610583336455005107e-03
8.410000000000000000e+02,7.610550414346657459e-03
8.420000000000000000e+02,7.610530878165838557e-03
8.430000000000000000e+02,7.610479207455151870e-03
8.440000000000000000e+02,7.610434430362415098e-03
8.450000000000000000e+02,7.610407298320338507e-03
8.460000000000000000e+02,7.610371553954345392e-03
8.470000000000000000e+02,7.610311419405347937e-03
8.480000000000000000e+02,7.610287416230238078e-03
8.490000000000000000e+02,7.610251136335047586e-03
8.500000000000000000e+02,7.610196820649479423e-03
8.510000000000000000e+02,7.610148508332310012e-03
8.520000000000000000e+02,7.610105984912118697e-03
8.530000000000000000e+02,7.610068766011999705e-03
8.540000000000000000e+02,7.610025088618568509e-03
8.550000000000000000e+02,7.609981741227398074e-03
8.560000000000000000e+02,7.609944298606967708e-03
8.570000000000000000e+02,7.609898617927629560e-03
8.580000000000000000e+02,7.609867229007683670e-03
8.590000000000000000e+02,7.609814119540489821e-03
8.600000000000000000e+02,7.609780616574615165e-03
8.610000000000000000e+02,7.609753271344597315e-03
8.620000000000000000e+02,7.609713162559378005e-03
8.630000000000000000e+02,7.609673697594822143e-03
8.640000000000000000e+02,7.609642878667502268e-03
8.650000000000000000e+02,7.609602403807173496e-03
8.660000000000000000e+02,7.609578556445886419e-03
8.670000000000000000e+02,7.609542296028494641e-03
8.680000000000000000e+02,7.609511529208180108e-03
8.690000000000000000e+02,7.609477753467471482e-03
8.700000000000000000e+02,7.609452606910959913e-03
8.710000000000000000e+02,7.609429807999347137e-03
8.720000000000000000e+02,7.609399460304634884e-03
8.730000000000000000e+02,7.609374948736188048e-03
8.740000000000000000e+02,7.609350011964340944e-03
8.750000000000000000e+02,7.609331201730640433e-03
8.760000000000000000e+02,7.609303220840311736e-03
8.770000000000000000e+02,7.609272931676493157e-03
8.780000000000000000e+02,7.609251191327406211e-03
8.790000000000000000e+02,7.609231146591914109e-03
8.800000000000000000e+02,7.609217898503667019e-03
8.810000000000000000e+02,7.609197261463475706e-03
8.820000000000000000e+02,7.609176806094315043e-03
8.830000000000000000e+02,7.609156670391371488e-03
8.840000000000000000e+02,7.609142338714999787e-03
8.850000000000000000e+02,7.609121902063855844e-03
8.860000000000000000e+02,7.609103997175386408e-03
8.870000000000000000e+02,7.609098400533159494e-03
8.880000000000000000e+02,7.609078137287355985e-03
8.890000000000000000e+02,7.609066185323825129e-03
8.900000000000000000e+02,7.609054487782379236e-03
8.910000000000000000e+02,7.609048044633356239e-03
8.920000000000000000e+02,7.609034435003360353e-03
8.930000000000000000e+02,7.609040025245464647e-03
8.940000000000000000e+02,7.609024391795020728e-03
8.950000000000000000e+02,7.609018123744780426e-03
8.960000000000000000e+02,7.609020238386371600e-03
8.970000000000000000e+02,7.609002620912043262e-03
8.980000000000000000e+02,7.608998994160428089e-03
8.990000000000000000e+02,7.608991728279380223e-03
9.000000000000000000e+02,7.608991809542565640e-03
9.010000000000000000e+02,7.608992943336286008e-03
9.020000000000000000e+02,7.609002648289306912e-03
9.030000000000000000e+02,7.608994450829304444e-03
9.040000000000000000e+02,7.608997017637019605e-03
9.050000000000000000e+02,7.608991899390820345e-03
9.060000000000000000e+02,7.608984488654426878e-03
9.070000000000000000e+02,7.608976840991970442e-03
9.080000000000000000e+02,7.608975151354978490e-03
9.090000000000000000e+02,7.608966911677135687e-03
9.100000000000000000e+02,7.608955326024423316e-03
9.110000000000000000e+02,7.608952294859253757e-03
9.120000000000000000e+02,7.608944871128647813e-03
9.130000000000000000e+02,7.608932430509783747e-03
9.140000000000000000e+02,7.608925810392665190e-03
9.150000000000000000e+02,7.608904986745122778e-03
9.160000000000000000e+02,7.608891204234890723e-03
9.170000000000000000e+02,7.608879840486750326e-03
9.180000000000000000e+02,7.608867765284809542e-03
9.190000000000000000e+02,7.608846254619703632e-03
9.200000000000000000e+02,7.608820644711815698e-03
9.210000000000000000e+02,7.608818121276697717e-03
9.220000000000000000e+02,7.608792873125900212e-03
9.230000000000000000e+02,7.608765927990097933e-03
9.240000000000000000e+02,7.608751011366859246e-03
9.250000000000000000e+02,7.608734009910217422e-03
9.260000000000000000e+02,7.608707776163518149e-03
9.270000000000000000e+02,7.608681981314780254e-03
9.280000000000000000e+02,7.608654999923103804e-03
9.290000000000000000e+02,7.608638347519481974e-03
9.300000000000000000e+02,7.608601720210102920e-03
9.310000000000000000e+02,7.608581287316672735e-03
9.320000000000000000e+02,7.608546407535052465e-03
9.330000000000000000e+02,7.608518340327367728e-03
9.340000000000000000e+02,7.608488355617270063e-03
9.350000000000000000e+02,7.608454088343444277e-03
9.360000000000000000e+02,7.608425130469983165e-03
9.370000000000000000e+02,7.608394172660343582e-03
9.380000000000000000e+02,7.608361084159304642e-03
9.390000000000000000e+02,7.608320137436393009e-03
9.400000000000000000e+02,7.608294098586908423e-03
9.410000000000000000e+02,7.608250925671133924e-03
9.420000000000000000e+02,7.608208912525600207e-03
9.430000000000000000e+02,7.608167912106555963e-03
9.440000000000000000e+02,7.608132727593580960e-03
9.450000000000000000e+02,7.608089481797161366e-03
9.460000000000000000e+02,7.608050504779156724e-03
9.470000000000000000e+02,7.608007883901674040e-03
9.480000000000000000e+02,7.607960079587602550e-03
9.490000000000000000e+02,7.607912413838716428e-03
9.500000000000000000e+02,7.607870685551959902e-03
9.510000000000000000e+02,7.607817943234386655e-03
9.520000000000000000e+02,7.607766524909333195e-03
9.530000000000000000e+02,7.607729618380768173e-03
9.540000000000000000e+02,7.607678894011472154e-03
9.550000000000000000e+02,7.607635804297910136e-03
9.560000000000000000e+02,7.607595464676169053e-03
9.570000000000000000e+02,7.607546186698545265e-03
9.580000000000000000e+02,7.607501580975509908e-03
9.590000000000000000e+02,7.607471235692697328e-03
9.600000000000000000e+02,7.607422059095043064e-03
9.610000000000000000e+02,7.607384592895316197e-03
9.620000000000000000e+02,7.607341358538535769e-03
9.630000000000000000e+02,7.607305539052962827e-03
9.640000000000000000e+02,7.607267106796874317e-03
9.650000000000000000e+02,7.607233602716735599e-03
9.660000000000000000e+02,7.607196072605380138e-03
9.670000000000000000e+02,7.607158154529294891e-03
9.680000000000000000e+02,7.607129704428321898e-03
9.690000000000000000e+02,7.607098412247595073e-03
9.700000000000000000e+02,7.607066362937386743e-03
9.710000000000000000e+02,7.607041028651210027e-03
9.720000000000000000e+02,7.607010057206318662e-03
9.730000000000000000e+02,7.606980168890324634e-03
9.740000000000000000e+02,7.606948331907992938e-03
9.750000000000000000e+02,7.606924816818991936e-03
9.760000000000000000e+02,7.606896622379910773e-03
9.770000000000000000e+02,7.606874199522809313e-03
9.780000000000000000e+02,7.606856364387262065e-03
9.790000000000000000e+02,7.606822408868111306e-03
9.800000000000000000e+02,7.606806269843890966e-03
9.810000000000000000e+02,7.606787164959829921e-03
9.820000000000000000e+02,7.606769251607755668e-03
9.830000000000000000e+02,7.606748324158429247e-03
9.840000000000000000e+02,7.606729010488511543e-03
9.850000000000000000e+02,7.606712977505593679e-03
9.860000000000000000e+02,7.606698162544884949e-03
9.870000000000000000e+02,7.606682072765346726e-03
9.880000000000000000e+02,7.606668306150110928e-03
9.890000000000000000e+02,7.606647607148832313e-03
9.900000000000000000e+02,7.606644098868044039e-03
9.910000000000000000e+02,7.606624805126109209e-03
9.920000000000000000e+02,7.606621821350932622e-03
9.930000000000000000e+02,7.606610972450446317e-03
9.940000000000000000e+02,7.606603969553038525e-03
9.950000000000000000e+02,7.606596567913754409e-03
9.960000000000000000e+02,7.606591325672114497e-03
9.970000000000000000e+02,7.606585498354208504e-03
9.980000000000000000e+02,7.606575753902921830e-03
9.990000000000000000e+02,7.606581144969858446e-03
1.000000000000000000e+03,7.606575023503762273e-03
