1.000000000000000000e+00,1.794000259907553385e+01
2.000000000000000000e+00,1.788734398615017795e+01
3.000000000000000000e+00,1.769294198164718068e+01
4.000000000000000000e+00,1.723817410917158810e+01
5.000000000000000000e+00,1.636867793463874676e+01
6.000000000000000000e+00,1.495083618534220449e+01
7.000000000000000000e+00,1.284668948330291371e+01
8.000000000000000000e+00,1.011662246230817885e+01
9.000000000000000000e+00,7.120077290105762735e+00
1.000000000000000000e+01,4.431145373367639806e+00
1.100000000000000000e+01,3.743163487132508127e+00
1.200000000000000000e+01,5.609000845229284771e+00
1.300000000000000000e+01,6.253264291110730788e+00
1.400000000000000000e+01,4.339304695674286450e+00
1.500000000000000000e+01,2.000488695076972245e+00
1.600000000000000000e+01,7.628084471047535953e-01
1.700000000000000000e+01,6.315967414589073181e-01
1.800000000000000000e+01,9.932379339695843745e-01
1.900000000000000000e+01,1.264936850898483289e+00
2.000000000000000000e+01,1.111276385919368170e+00
2.100000000000000000e+01,5.923115465457331474e-01
2.200000000000000000e+01,1.323791177173474498e-01
2.300000000000000000e+01,2.476067709831574204e-01
2.400000000000000000e+01,8.836174356366937044e-01
2.500000000000000000e+01,1.170318534896038987e+00
2.600000000000000000e+01,7.126650399587776130e-01
2.700000000000000000e+01,3.034721569982822831e-01
2.800000000000000000e+01,3.534682090952140920e-01
2.900000000000000000e+01,7.005015150211837405e-01
3.000000000000000000e+01,8.334452338445452746e-01
3.100000000000000000e+01,5.709574532766914512e-01
3.200000000000000000e+01,2.621106737504149131e-01
3.300000000000000000e+01,3.400245249528672242e-01
3.400000000000000000e+01,6.029255328166214234e-01
3.500000000000000000e+01,4.882475502716234761e-01
3.600000000000000000e+01,1.981338310178397399e-01
3.700000000000000000e+01,2.340284923948806606e-01
3.800000000000000000e+01,4.124128089603701364e-01
3.900000000000000000e+01,3.272183357161861927e-01
4.000000000000000000e+01,1.104513160232416524e-01
4.100000000000000000e+01,1.502472864944405517e-01
4.200000000000000000e+01,2.786432356157893531e-01
4.300000000000000000e+01,1.396785078129323399e-01
4.400000000000000000e+01,3.807039905850567729e-02
4.500000000000000000e+01,1.491065290546517152e-01
4.600000000000000000e+01,1.521437780383697591e-01
4.700000000000000000e+01,2.651227585084928173e-02
4.800000000000000000e+01,6.372580490376604512e-02
4.900000000000000000e+01,1.344274765708920183e-01
5.000000000000000000e+01,4.164674382846665635e-02
5.100000000000000000e+01,4.432262524614186822e-02
5.200000000000000000e+01,1.155647973744696466e-01
5.300000000000000000e+01,6.193707969918468143e-02
5.400000000000000000e+01,3.867034447227984950e-02
5.500000000000000000e+01,9.460140213317412561e-02
5.600000000000000000e+01,6.806759659174470289e-02
5.700000000000000000e+01,3.549479522844721513e-02
5.800000000000000000e+01,6.835858195404521942e-02
5.900000000000000000e+01,6.555616976140125896e-02
6.000000000000000000e+01,3.101698729728159798e-02
6.100000000000000000e+01,4.039846313041910858e-02
6.200000000000000000e+01,5.295373063465160651e-02
6.300000000000000000e+01,2.961824743775011079e-02
6.400000000000000000e+01,2.191432419206929688e-02
6.500000000000000000e+01,3.543815040284054030e-02
6.600000000000000000e+01,3.030975347598457298e-02
6.700000000000000000e+01,1.612507276498842748e-02
6.800000000000000000e+01,2.001494440680506512e-02
6.900000000000000000e+01,2.682682625738829277e-02
7.000000000000000000e+01,1.954768544798719115e-02
7.100000000000000000e+01,1.386725908459026518e-02
7.200000000000000000e+01,1.887284439274419107e-02
7.300000000000000000e+01,2.164124188281130873e-02
7.400000000000000000e+01,1.690052786894124734e-02
7.500000000000000000e+01,1.426082789574165295e-02
7.600000000000000000e+01,1.741467173310593669e-02
7.700000000000000000e+01,1.924720030245456043e-02
7.800000000000000000e+01,1.671066032441596502e-02
7.900000000000000000e+01,1.470170435102410508e-02
8.000000000000000000e+01,1.594868768826817815e-02
8.100000000000000000e+01,1.750158624720412129e-02
8.200000000000000000e+01,1.680781506097599187e-02
8.300000000000000000e+01,1.518158262536417613e-02
8.400000000000000000e+01,1.481637610706672270e-02
8.500000000000000000e+01,1.563548760199267099e-02
8.600000000000000000e+01,1.611526113251594144e-02
8.700000000000000000e+01,1.561235401698738735e-02
8.800000000000000000e+01,1.480848502398400025e-02
8.900000000000000000e+01,1.449001260569659014e-02
9.000000000000000000e+01,1.469599865385212353e-02
9.100000000000000000e+01,1.496934950802825473e-02
9.200000000000000000e+01,1.497194566711953535e-02
9.300000000000000000e+01,1.472324694118512523e-02
9.400000000000000000e+01,1.443100600330341973e-02
9.500000000000000000e+01,1.425271340379325943e-02
9.600000000000000000e+01,1.421005111146082800e-02
9.700000000000000000e+01,1.424094529429563785e-02
9.800000000000000000e+01,1.427947709864288428e-02
9.900000000000000000e+01,1.429485249231678655e-02
1.000000000000000000e+02,1.428812950436457799e-02
1.010000000000000000e+02,1.427368886290275238e-02
1.020000000000000000e+02,1.426591612783631620e-02
1.030000000000000000e+02,1.423629663681516555e-02
1.040000000000000000e+02,1.418473329403000666e-02
1.050000000000000000e+02,1.412628673294043929e-02
1.060000000000000000e+02,1.408858322336825619e-02
1.070000000000000000e+02,1.409553027357772145e-02
1.080000000000000000e+02,1.414327003242982911e-02
1.090000000000000000e+02,1.418934897377192514e-02
1.100000000000000000e+02,1.417715216663960505e-02
1.110000000000000000e+02,1.408851877535063565e-02
1.120000000000000000e+02,1.397630420213561223e-02
1.130000000000000000e+02,1.392531866276294251e-02
1.140000000000000000e+02,1.396002766002231964e-02
1.150000000000000000e+02,1.400405978078487178e-02
1.160000000000000000e+02,1.396749293494707611e-02
1.170000000000000000e+02,1.387151184141320603e-02
1.180000000000000000e+02,1.382745409220008034e-02
1.190000000000000000e+02,1.387156316132299311e-02
1.200000000000000000e+02,1.390376150255813806e-02
1.210000000000000000e+02,1.385287962990979296e-02
1.220000000000000000e+02,1.380190749211095656e-02
1.230000000000000000e+02,1.383525980119149068e-02
1.240000000000000000e+02,1.387672374781744392e-02
1.250000000000000000e+02,1.384316978257708712e-02
1.260000000000000000e+02,1.381444713769602872e-02
1.270000000000000000e+02,1.385511664923293543e-02
1.280000000000000000e+02,1.387240859264342839e-02
1.290000000000000000e+02,1.383410174018893241e-02
1.300000000000000000e+02,1.383814950830624529e-02
1.310000000000000000e+02,1.386761547268771863e-02
1.320000000000000000e+02,1.384087577488209847e-02
1.330000000000000000e+02,1.382306065901111117e-02
1.340000000000000000e+02,1.384411336555488835e-02
1.350000000000000000e+02,1.382372188826268972e-02
1.360000000000000000e+02,1.380066612037570556e-02
1.370000000000000000e+02,1.381383112487828690e-02
1.380000000000000000e+02,1.379398103664622802e-02
1.390000000000000000e+02,1.377659827220576241e-02
1.400000000000000000e+02,1.378634311639808860e-02
1.410000000000000000e+02,1.376616920799823493e-02
1.420000000000000000e+02,1.376107136439508848e-02
1.430000000000000000e+02,1.376632957018442474e-02
1.440000000000000000e+02,1.374919646201906709e-02
1.450000000000000000e+02,1.375574992810299317e-02
1.460000000000000000e+02,1.375116165955582101e-02
1.470000000000000000e+02,1.374393500406036021e-02
1.480000000000000000e+02,1.375011213527326318e-02
1.490000000000000000e+02,1.373826264709982967e-02
1.500000000000000000e+02,1.374136636253223132e-02
1.510000000000000000e+02,1.373431516988102286e-02
1.520000000000000000e+02,1.372910326351861957e-02
1.530000000000000000e+02,1.372709838121672146e-02
1.540000000000000000e+02,1.371709354233793809e-02
1.550000000000000000e+02,1.371669469427836199e-02
1.560000000000000000e+02,1.370778200725341484e-02
1.570000000000000000e+02,1.370466766706577091e-02
1.580000000000000000e+02,1.370050506955616809e-02
1.590000000000000000e+02,1.369421279996555288e-02
1.600000000000000000e+02,1.369290921287335400e-02
1.610000000000000000e+02,1.368728360256549550e-02
1.620000000000000000e+02,1.368456770479675386e-02
1.630000000000000000e+02,1.368210575735500679e-02
1.640000000000000000e+02,1.367757367662440771e-02
1.650000000000000000e+02,1.367589315635541272e-02
1.660000000000000000e+02,1.367260760894855112e-02
1.670000000000000000e+02,1.366917725388434174e-02
1.680000000000000000e+02,1.366727461447447833e-02
1.690000000000000000e+02,1.366390269451397792e-02
1.700000000000000000e+02,1.366098627967327235e-02
1.710000000000000000e+02,1.365883812473867032e-02
1.720000000000000000e+02,1.365572201879807629e-02
1.730000000000000000e+02,1.365302634648059461e-02
1.740000000000000000e+02,1.365088956331105691e-02
1.750000000000000000e+02,1.364819193787936494e-02
1.760000000000000000e+02,1.364569692172176198e-02
1.770000000000000000e+02,1.364370781462932204e-02
1.780000000000000000e+02,1.364148710345389204e-02
1.790000000000000000e+02,1.363924072089686516e-02
1.800000000000000000e+02,1.363739129106180531e-02
1.810000000000000000e+02,1.363559763056409156e-02
1.820000000000000000e+02,1.363368246656557203e-02
1.830000000000000000e+02,1.363195227479418320e-02
1.840000000000000000e+02,1.363044137143892137e-02
1.850000000000000000e+02,1.362893335270899328e-02
1.860000000000000000e+02,1.362742505712778371e-02
1.870000000000000000e+02,1.362606127151375426e-02
1.880000000000000000e+02,1.362483473159093079e-02
1.890000000000000000e+02,1.362368772174699441e-02
1.900000000000000000e+02,1.362255956734092013e-02
1.910000000000000000e+02,1.362152072502733138e-02
1.920000000000000000e+02,1.362059531138521198e-02
1.930000000000000000e+02,1.361977458076007660e-02
1.940000000000000000e+02,1.361902447444363930e-02
1.950000000000000000e+02,1.361835109794498969e-02
1.960000000000000000e+02,1.361776209806100577e-02
1.970000000000000000e+02,1.361726045151798875e-02
1.980000000000000000e+02,1.361685040526196787e-02
1.990000000000000000e+02,1.361654318396072864e-02
2.000000000000000000e+02,1.361631272391671671e-02
2.010000000000000000e+02,1.361617071159635164e-02
2.020000000000000000e+02,1.361612977563207705e-02
2.030000000000000000e+02,1.361599465382390059e-02
2.040000000000000000e+02,1.361576370502470823e-02
2.050000000000000000e+02,1.361544164362125595e-02
2.060000000000000000e+02,1.361503031161647760e-02
2.070000000000000000e+02,1.361451994936585530e-02
2.080000000000000000e+02,1.361392186688771370e-02
2.090000000000000000e+02,1.361322116935644033e-02
2.100000000000000000e+02,1.361243275367664263e-02
2.110000000000000000e+02,1.361155732745485819e-02
2.120000000000000000e+02,1.361056724818525583e-02
2.130000000000000000e+02,1.360950114302977854e-02
2.140000000000000000e+02,1.360831922211626875e-02
2.150000000000000000e+02,1.360705047012477839e-02
2.160000000000000000e+02,1.360568945330254201e-02
2.170000000000000000e+02,1.360422317652278633e-02
2.180000000000000000e+02,1.360266734792943064e-02
2.190000000000000000e+02,1.360100262792924772e-02
2.200000000000000000e+02,1.359925277387178527e-02
2.210000000000000000e+02,1.359738624840363744e-02
2.220000000000000000e+02,1.359544130122305149e-02
2.230000000000000000e+02,1.359338261970275546e-02
2.240000000000000000e+02,1.359122775689433626e-02
2.250000000000000000e+02,1.358896186234380410e-02
2.260000000000000000e+02,1.358662108746063607e-02
2.270000000000000000e+02,1.358414518285430000e-02
2.280000000000000000e+02,1.358158231525985124e-02
2.290000000000000000e+02,1.357891050935743776e-02
2.300000000000000000e+02,1.357615513891116850e-02
2.310000000000000000e+02,1.357326884145577083e-02
2.320000000000000000e+02,1.357029401204956111e-02
2.330000000000000000e+02,1.356720243720054529e-02
2.340000000000000000e+02,1.356402445780031073e-02
2.350000000000000000e+02,1.356073012035465680e-02
2.360000000000000000e+02,1.355733327458373029e-02
2.370000000000000000e+02,1.355382558579591550e-02
2.380000000000000000e+02,1.355022454158952630e-02
2.390000000000000000e+02,1.354651731304988040e-02
2.400000000000000000e+02,1.354268416683078631e-02
2.410000000000000000e+02,1.353874932338055767e-02
2.420000000000000000e+02,1.353471489768326950e-02
2.430000000000000000e+02,1.353057992533818893e-02
2.440000000000000000e+02,1.352632844092600123e-02
2.450000000000000000e+02,1.352195776856597934e-02
2.460000000000000000e+02,1.351748175261387533e-02
2.470000000000000000e+02,1.351291251333839628e-02
2.480000000000000000e+02,1.350821570471582439e-02
2.490000000000000000e+02,1.350341987751453240e-02
2.500000000000000000e+02,1.349851706962630279e-02
2.510000000000000000e+02,1.349348612179177183e-02
2.520000000000000000e+02,1.348835941498607686e-02
2.530000000000000000e+02,1.348331445435823478e-02
2.540000000000000000e+02,1.347837007772101532e-02
2.550000000000000000e+02,1.347351563785939219e-02
2.560000000000000000e+02,1.346876318827960536e-02
2.570000000000000000e+02,1.346409105757553210e-02
2.580000000000000000e+02,1.345952131810837504e-02
2.590000000000000000e+02,1.345505513666975586e-02
2.600000000000000000e+02,1.345066921707384344e-02
2.610000000000000000e+02,1.344638029918084413e-02
2.620000000000000000e+02,1.344219220369561110e-02
2.630000000000000000e+02,1.343810199876787660e-02
2.640000000000000000e+02,1.343409066753317033e-02
2.650000000000000000e+02,1.343019302279725366e-02
2.660000000000000000e+02,1.342638936241175203e-02
2.670000000000000000e+02,1.342269153815007013e-02
2.680000000000000000e+02,1.341908928338405096e-02
2.690000000000000000e+02,1.341557723875788297e-02
2.700000000000000000e+02,1.341216110197570970e-02
2.710000000000000000e+02,1.340885098593293592e-02
2.720000000000000000e+02,1.340563918009163649e-02
2.730000000000000000e+02,1.340252971927979181e-02
2.740000000000000000e+02,1.339951759739624326e-02
2.750000000000000000e+02,1.339660883965432259e-02
2.760000000000000000e+02,1.339378212661716458e-02
2.770000000000000000e+02,1.339106985952525156e-02
2.780000000000000000e+02,1.338847047027048008e-02
2.790000000000000000e+02,1.338598424328051560e-02
2.800000000000000000e+02,1.338355940879211968e-02
2.810000000000000000e+02,1.338126620921127087e-02
2.820000000000000000e+02,1.337906305445846558e-02
2.830000000000000000e+02,1.337697305457502019e-02
2.840000000000000000e+02,1.337497858166327054e-02
2.850000000000000000e+02,1.337308516985928966e-02
2.860000000000000000e+02,1.337130839247343758e-02
2.870000000000000000e+02,1.336963829441487409e-02
2.880000000000000000e+02,1.336805940913667577e-02
2.890000000000000000e+02,1.336659243981902501e-02
2.900000000000000000e+02,1.336523796092578716e-02
2.910000000000000000e+02,1.336397433588553882e-02
2.920000000000000000e+02,1.336282927440223846e-02
2.930000000000000000e+02,1.336179444335080894e-02
2.940000000000000000e+02,1.336085741864896995e-02
2.950000000000000000e+02,1.336003368184615278e-02
2.960000000000000000e+02,1.335931824688451480e-02
2.970000000000000000e+02,1.335870832951482207e-02
2.980000000000000000e+02,1.335822178349378372e-02
2.990000000000000000e+02,1.335782813121724234e-02
3.000000000000000000e+02,1.335754870681909144e-02
3.010000000000000000e+02,1.335738324031106837e-02
3.020000000000000000e+02,1.335731356205175843e-02
3.030000000000000000e+02,1.335715953639127207e-02
3.040000000000000000e+02,1.335687514915424694e-02
3.050000000000000000e+02,1.335648393825172864e-02
3.060000000000000000e+02,1.335598399364204547e-02
3.070000000000000000e+02,1.335536272955962361e-02
3.080000000000000000e+02,1.335462642757297320e-02
3.090000000000000000e+02,1.335379051057858195e-02
3.100000000000000000e+02,1.335282884382402863e-02
3.110000000000000000e+02,1.335175500720480780e-02
3.120000000000000000e+02,1.335056334829813271e-02
3.130000000000000000e+02,1.334925754360051162e-02
3.140000000000000000e+02,1.334783163505720398e-02
3.150000000000000000e+02,1.334629836081544993e-02
3.160000000000000000e+02,1.334464104950196413e-02
3.170000000000000000e+02,1.334287459883713549e-02
3.180000000000000000e+02,1.334098628722161020e-02
3.190000000000000000e+02,1.333897377172849757e-02
3.200000000000000000e+02,1.333684587338087452e-02
3.210000000000000000e+02,1.333459907540933409e-02
3.220000000000000000e+02,1.333222947238141276e-02
3.230000000000000000e+02,1.332975653489923765e-02
3.240000000000000000e+02,1.332716183974086074e-02
3.250000000000000000e+02,1.332442991242387131e-02
3.260000000000000000e+02,1.332157592610043635e-02
3.270000000000000000e+02,1.331862692517407284e-02
3.280000000000000000e+02,1.331554308190894403e-02
3.290000000000000000e+02,1.331233725272349538e-02
3.300000000000000000e+02,1.330900437328331673e-02
3.310000000000000000e+02,1.330556410162196147e-02
3.320000000000000000e+02,1.330198765997888700e-02
3.330000000000000000e+02,1.329829450635579974e-02
3.340000000000000000e+02,1.329447257659245249e-02
3.350000000000000000e+02,1.329053378283745999e-02
3.360000000000000000e+02,1.328646529892630462e-02
3.370000000000000000e+02,1.328228280930702360e-02
3.380000000000000000e+02,1.327797972074037242e-02
3.390000000000000000e+02,1.327353236830011718e-02
3.400000000000000000e+02,1.326897545241082464e-02
3.410000000000000000e+02,1.326428563199038430e-02
3.420000000000000000e+02,1.325947912213368968e-02
3.430000000000000000e+02,1.325454079958311195e-02
3.440000000000000000e+02,1.324947851991327419e-02
3.450000000000000000e+02,1.324428730906437694e-02
3.460000000000000000e+02,1.323897666423407699e-02
3.470000000000000000e+02,1.323354195086046126e-02
3.480000000000000000e+02,1.322795934444720781e-02
3.490000000000000000e+02,1.322226960856597543e-02
3.500000000000000000e+02,1.321645338438011408e-02
3.510000000000000000e+02,1.321049905560485807e-02
3.520000000000000000e+02,1.320441921816534366e-02
3.530000000000000000e+02,1.319845404980471773e-02
3.540000000000000000e+02,1.319261468562937974e-02
3.550000000000000000e+02,1.318687563107174242e-02
3.560000000000000000e+02,1.318124380602725410e-02
3.570000000000000000e+02,1.317574215825276923e-02
3.580000000000000000e+02,1.317034814588100011e-02
3.590000000000000000e+02,1.316505257072527260e-02
3.600000000000000000e+02,1.315991109034946385e-02
3.610000000000000000e+02,1.315486491284903123e-02
3.620000000000000000e+02,1.314991430367337677e-02
3.630000000000000000e+02,1.314509962249152050e-02
3.640000000000000000e+02,1.314040173509369719e-02
3.650000000000000000e+02,1.313580894070091876e-02
3.660000000000000000e+02,1.313134739556382109e-02
3.670000000000000000e+02,1.312699509921793836e-02
3.680000000000000000e+02,1.312276483723531090e-02
3.690000000000000000e+02,1.311864618384314847e-02
3.700000000000000000e+02,1.311464530054627133e-02
3.710000000000000000e+02,1.311076653253688724e-02
3.720000000000000000e+02,1.310700018163368265e-02
3.730000000000000000e+02,1.310335853362933067e-02
3.740000000000000000e+02,1.309983787592027341e-02
3.750000000000000000e+02,1.309643204251999954e-02
3.760000000000000000e+02,1.309449667926677885e-02
3.770000000000000000e+02,1.309358050636914850e-02
3.780000000000000000e+02,1.309267950178370776e-02
3.790000000000000000e+02,1.309182899840046627e-02
3.800000000000000000e+02,1.309101326392315273e-02
3.810000000000000000e+02,1.309022310237323988e-02
3.820000000000000000e+02,1.308948623469526236e-02
3.830000000000000000e+02,1.308877974596624888e-02
3.840000000000000000e+02,1.308809923850198093e-02
3.850000000000000000e+02,1.308746315440531029e-02
3.860000000000000000e+02,1.308685870588010419e-02
3.870000000000000000e+02,1.308629064553149673e-02
3.880000000000000000e+02,1.308576427507423048e-02
3.890000000000000000e+02,1.308527037054878911e-02
3.900000000000000000e+02,1.308481069992389022e-02
3.910000000000000000e+02,1.308438698036983386e-02
3.920000000000000000e+02,1.308400499346072839e-02
3.930000000000000000e+02,1.308365073327867785e-02
3.940000000000000000e+02,1.308334428739872310e-02
3.950000000000000000e+02,1.308306257998664499e-02
3.960000000000000000e+02,1.308282585601441318e-02
3.970000000000000000e+02,1.308261443645713715e-02
3.980000000000000000e+02,1.308245859691647278e-02
3.990000000000000000e+02,1.308232531676504010e-02
4.000000000000000000e+02,1.308223135113683114e-02
4.010000000000000000e+02,1.308218553178885392e-02
4.020000000000000000e+02,1.308215466212621879e-02
4.030000000000000000e+02,1.308210791388889765e-02
4.040000000000000000e+02,1.308200803643718921e-02
4.050000000000000000e+02,1.308187742358218365e-02
4.060000000000000000e+02,1.308171236430820915e-02
4.070000000000000000e+02,1.308149902038351423e-02
4.080000000000000000e+02,1.308126699941871036e-02
4.090000000000000000e+02,1.308097383784154015e-02
4.100000000000000000e+02,1.308064417259833037e-02
4.110000000000000000e+02,1.308029672978174712e-02
4.120000000000000000e+02,1.307991415000299071e-02
4.130000000000000000e+02,1.307948173028443753e-02
4.140000000000000000e+02,1.307901621800738358e-02
4.150000000000000000e+02,1.307849953723782405e-02
4.160000000000000000e+02,1.307795093836797498e-02
4.170000000000000000e+02,1.307737380892433701e-02
4.180000000000000000e+02,1.307674887286977387e-02
4.190000000000000000e+02,1.307608491379563635e-02
4.200000000000000000e+02,1.307539145136992972e-02
4.210000000000000000e+02,1.307465102268498894e-02
4.220000000000000000e+02,1.307388351918116823e-02
4.230000000000000000e+02,1.307306993957885882e-02
4.240000000000000000e+02,1.307221487571647543e-02
4.250000000000000000e+02,1.307132750667555979e-02
4.260000000000000000e+02,1.307040906194382318e-02
4.270000000000000000e+02,1.306942977131767686e-02
4.280000000000000000e+02,1.306843329601906599e-02
4.290000000000000000e+02,1.306738638548439815e-02
4.300000000000000000e+02,1.306631239257908736e-02
4.310000000000000000e+02,1.306518384662292906e-02
4.320000000000000000e+02,1.306402557310533050e-02
4.330000000000000000e+02,1.306284082786809096e-02
4.340000000000000000e+02,1.306160557440083289e-02
4.350000000000000000e+02,1.306033683807636403e-02
4.360000000000000000e+02,1.305904407189642340e-02
4.370000000000000000e+02,1.305769154150544439e-02
4.380000000000000000e+02,1.305629711145987228e-02
4.390000000000000000e+02,1.305489136985652637e-02
4.400000000000000000e+02,1.305343499106734022e-02
4.410000000000000000e+02,1.305193874393451199e-02
4.420000000000000000e+02,1.305040833157959136e-02
4.430000000000000000e+02,1.304884275822618470e-02
4.440000000000000000e+02,1.304723776232056404e-02
4.450000000000000000e+02,1.304559943274641656e-02
4.460000000000000000e+02,1.304392400245141942e-02
4.470000000000000000e+02,1.304221484706723222e-02
4.480000000000000000e+02,1.304046020685450773e-02
4.490000000000000000e+02,1.303868631445824836e-02
4.500000000000000000e+02,1.303686184595794460e-02
4.510000000000000000e+02,1.303500614463572703e-02
4.520000000000000000e+02,1.303311757749103968e-02
4.530000000000000000e+02,1.303126379426048850e-02
4.540000000000000000e+02,1.302944452273039830e-02
4.550000000000000000e+02,1.302768646442421796e-02
4.560000000000000000e+02,1.302595396536287108e-02
4.570000000000000000e+02,1.302426150164051784e-02
4.580000000000000000e+02,1.302260246201240521e-02
4.590000000000000000e+02,1.302099422905607894e-02
4.600000000000000000e+02,1.301940711136711018e-02
4.610000000000000000e+02,1.301787786807455903e-02
4.620000000000000000e+02,1.301638006433207193e-02
4.630000000000000000e+02,1.301491870960795605e-02
4.640000000000000000e+02,1.301349341041467544e-02
4.650000000000000000e+02,1.301211525156479101e-02
4.660000000000000000e+02,1.301077073788013509e-02
4.670000000000000000e+02,1.300945577699556474e-02
4.680000000000000000e+02,1.300819318266161970e-02
4.690000000000000000e+02,1.300696107637273197e-02
4.700000000000000000e+02,1.300577321556648305e-02
4.710000000000000000e+02,1.300461105501493977e-02
4.720000000000000000e+02,1.300347739617707318e-02
4.730000000000000000e+02,1.300239654953758150e-02
4.740000000000000000e+02,1.300135977620786240e-02
4.750000000000000000e+02,1.300036593446766975e-02
4.760000000000000000e+02,1.299938464212944088e-02
4.770000000000000000e+02,1.299845640586066303e-02
4.780000000000000000e+02,1.299755685064010735e-02
4.790000000000000000e+02,1.299670466294477675e-02
4.800000000000000000e+02,1.299588282913812821e-02
4.810000000000000000e+02,1.299509444526506657e-02
4.820000000000000000e+02,1.299433705479599230e-02
4.830000000000000000e+02,1.299362936718540841e-02
4.840000000000000000e+02,1.299295238974727297e-02
4.850000000000000000e+02,1.299231589078931291e-02
4.860000000000000000e+02,1.299171606770661673e-02
4.870000000000000000e+02,1.299114553311559589e-02
4.880000000000000000e+02,1.299061598037975010e-02
4.890000000000000000e+02,1.299011713666494566e-02
4.900000000000000000e+02,1.298965851392143954e-02
4.910000000000000000e+02,1.298924632659082500e-02
4.920000000000000000e+02,1.298887164089983920e-02
4.930000000000000000e+02,1.298852340029944472e-02
4.940000000000000000e+02,1.298820283112448945e-02
4.950000000000000000e+02,1.298792973153822458e-02
4.960000000000000000e+02,1.298768415532743081e-02
4.970000000000000000e+02,1.298749095285426855e-02
4.980000000000000000e+02,1.298732639620233179e-02
4.990000000000000000e+02,1.298719108180321213e-02
5.000000000000000000e+02,1.298710626410745465e-02
5.010000000000000000e+02,1.298704516790482114e-02
5.020000000000000000e+02,1.298702166194382578e-02
5.030000000000000000e+02,1.298696653478253332e-02
5.040000000000000000e+02,1.298687717254855614e-02
5.050000000000000000e+02,1.298675395215474759e-02
5.060000000000000000e+02,1.298657323210099940e-02
5.070000000000000000e+02,1.298637508664728275e-02
5.080000000000000000e+02,1.298613080126510833e-02
5.090000000000000000e+02,1.298585530939306426e-02
5.100000000000000000e+02,1.298553779947981233e-02
5.110000000000000000e+02,1.298518616853389790e-02
5.120000000000000000e+02,1.298479987385887414e-02
5.130000000000000000e+02,1.298436051369646592e-02
5.140000000000000000e+02,1.298390126114814906e-02
5.150000000000000000e+02,1.298340949583312587e-02
5.160000000000000000e+02,1.298287062062755855e-02
5.170000000000000000e+02,1.298228855231991705e-02
5.180000000000000000e+02,1.298167858529988838e-02
5.190000000000000000e+02,1.298101928899545073e-02
5.200000000000000000e+02,1.298032584891837052e-02
5.210000000000000000e+02,1.297960504395967093e-02
5.220000000000000000e+02,1.297883407679877033e-02
5.230000000000000000e+02,1.297802555167743531e-02
5.240000000000000000e+02,1.297719268949804050e-02
5.250000000000000000e+02,1.297630957725546749e-02
5.260000000000000000e+02,1.297540551663979060e-02
5.270000000000000000e+02,1.297444097378474756e-02
5.280000000000000000e+02,1.297346244632423956e-02
5.290000000000000000e+02,1.297242885782682632e-02
5.300000000000000000e+02,1.297136967268989333e-02
5.310000000000000000e+02,1.297026702255035628e-02
5.320000000000000000e+02,1.296914049436773304e-02
5.330000000000000000e+02,1.296796473233448495e-02
5.340000000000000000e+02,1.296675070929605850e-02
5.350000000000000000e+02,1.296550315169406678e-02
5.360000000000000000e+02,1.296420661273213308e-02
5.370000000000000000e+02,1.296289712495776562e-02
5.380000000000000000e+02,1.296154130934853467e-02
5.390000000000000000e+02,1.296014114478015282e-02
5.400000000000000000e+02,1.295872009356085347e-02
5.410000000000000000e+02,1.295724798396483829e-02
5.420000000000000000e+02,1.295575511408428651e-02
5.430000000000000000e+02,1.295421763034482893e-02
5.440000000000000000e+02,1.295264318817315741e-02
5.450000000000000000e+02,1.295103688865611134e-02
5.460000000000000000e+02,1.294940254763142506e-02
5.470000000000000000e+02,1.294773202579298926e-02
5.480000000000000000e+02,1.294601734011619973e-02
5.490000000000000000e+02,1.294427370203467612e-02
5.500000000000000000e+02,1.294249433253717718e-02
5.510000000000000000e+02,1.294068308718857724e-02
5.520000000000000000e+02,1.293884872824137104e-02
5.530000000000000000e+02,1.293703711499670506e-02
5.540000000000000000e+02,1.293528361776873081e-02
5.550000000000000000e+02,1.293355661838539380e-02
5.560000000000000000e+02,1.293185978707280318e-02
5.570000000000000000e+02,1.293021937587371384e-02
5.580000000000000000e+02,1.292860738774271809e-02
5.590000000000000000e+02,1.292703969824730154e-02
5.600000000000000000e+02,1.292550721765958234e-02
5.610000000000000000e+02,1.292401623439020514e-02
5.620000000000000000e+02,1.292255973395323859e-02
5.630000000000000000e+02,1.292114582775126530e-02
5.640000000000000000e+02,1.291977082802577698e-02
5.650000000000000000e+02,1.291842879351947845e-02
5.660000000000000000e+02,1.291712895449896592e-02
5.670000000000000000e+02,1.291585845216799977e-02
5.680000000000000000e+02,1.291462727023987532e-02
5.690000000000000000e+02,1.291343208737517553e-02
5.700000000000000000e+02,1.291227291477240434e-02
5.710000000000000000e+02,1.291116346975767354e-02
5.720000000000000000e+02,1.291007909807803840e-02
5.730000000000000000e+02,1.290903172551487003e-02
5.740000000000000000e+02,1.290802359501929363e-02
5.750000000000000000e+02,1.290705389555628357e-02
5.760000000000000000e+02,1.290612237382876386e-02
5.770000000000000000e+02,1.290521093899328273e-02
5.780000000000000000e+02,1.290435717180280634e-02
5.790000000000000000e+02,1.290352070398651484e-02
5.800000000000000000e+02,1.290273694726227702e-02
5.810000000000000000e+02,1.290198336985671698e-02
5.820000000000000000e+02,1.290125838475288285e-02
5.830000000000000000e+02,1.290056540080278605e-02
5.840000000000000000e+02,1.289991496733343922e-02
5.850000000000000000e+02,1.289930837757346897e-02
5.860000000000000000e+02,1.289872669525482345e-02
5.870000000000000000e+02,1.289818142313417168e-02
5.880000000000000000e+02,1.289766809485493049e-02
5.890000000000000000e+02,1.289719195616197481e-02
5.900000000000000000e+02,1.289676104050642425e-02
5.910000000000000000e+02,1.289635943173020327e-02
5.920000000000000000e+02,1.289598905548544096e-02
5.930000000000000000e+02,1.289565072586722552e-02
5.940000000000000000e+02,1.289534980635630851e-02
5.950000000000000000e+02,1.289508543432968390e-02
5.960000000000000000e+02,1.289486154946000926e-02
5.970000000000000000e+02,1.289466566754442212e-02
5.980000000000000000e+02,1.289449283244185375e-02
5.990000000000000000e+02,1.289437624581993985e-02
6.000000000000000000e+02,1.289430570615885709e-02
6.010000000000000000e+02,1.289424562792684283e-02
6.020000000000000000e+02,1.289422187468414020e-02
6.030000000000000000e+02,1.289416863745040248e-02
6.040000000000000000e+02,1.289406843196029898e-02
6.050000000000000000e+02,1.289395105000313603e-02
6.060000000000000000e+02,1.289380748572024893e-02
6.070000000000000000e+02,1.289360523136828286e-02
6.080000000000000000e+02,1.289337858678317461e-02
6.090000000000000000e+02,1.289309788868676053e-02
6.100000000000000000e+02,1.289281049961806327e-02
6.110000000000000000e+02,1.289247485800116069e-02
6.120000000000000000e+02,1.289209058089818213e-02
6.130000000000000000e+02,1.289168987519757024e-02
6.140000000000000000e+02,1.289124601776680742e-02
6.150000000000000000e+02,1.289075483074297521e-02
6.160000000000000000e+02,1.289023461393853064e-02
6.170000000000000000e+02,1.288968308446906789e-02
6.180000000000000000e+02,1.288909848751311482e-02
6.190000000000000000e+02,1.288849399608951729e-02
6.200000000000000000e+02,1.288781913254308416e-02
6.210000000000000000e+02,1.288712547062427494e-02
6.220000000000000000e+02,1.288639771414133890e-02
6.230000000000000000e+02,1.288564052680874275e-02
6.240000000000000000e+02,1.288483753661034265e-02
6.250000000000000000e+02,1.288400555361099084e-02
6.260000000000000000e+02,1.288311737124697882e-02
6.270000000000000000e+02,1.288221766883010204e-02
6.280000000000000000e+02,1.288128173437061604e-02
6.290000000000000000e+02,1.288028503383606416e-02
6.300000000000000000e+02,1.287928415284898820e-02
6.310000000000000000e+02,1.287823974159044843e-02
6.320000000000000000e+02,1.287715414471586259e-02
6.330000000000000000e+02,1.287604334004163915e-02
6.340000000000000000e+02,1.287488536304974736e-02
6.350000000000000000e+02,1.287370613642114907e-02
6.360000000000000000e+02,1.287249169061813192e-02
6.370000000000000000e+02,1.287123628369459330e-02
6.380000000000000000e+02,1.286994686928367299e-02
6.390000000000000000e+02,1.286861446403938375e-02
6.400000000000000000e+02,1.286726911607316559e-02
6.410000000000000000e+02,1.286586593525995172e-02
6.420000000000000000e+02,1.286445241439565859e-02
6.430000000000000000e+02,1.286300200661980725e-02
6.440000000000000000e+02,1.286151515759012716e-02
6.450000000000000000e+02,1.286000715366257888e-02
6.460000000000000000e+02,1.285843956893105607e-02
6.470000000000000000e+02,1.285686099598886377e-02
6.480000000000000000e+02,1.285524155477770977e-02
6.490000000000000000e+02,1.285360478282143899e-02
6.500000000000000000e+02,1.285191554889465390e-02
6.510000000000000000e+02,1.285020276651817860e-02
6.520000000000000000e+02,1.284845338374564390e-02
6.530000000000000000e+02,1.284675847071204899e-02
6.540000000000000000e+02,1.284509997546621693e-02
6.550000000000000000e+02,1.284346046455236805e-02
6.560000000000000000e+02,1.284187745720539661e-02
6.570000000000000000e+02,1.284033329091679304e-02
6.580000000000000000e+02,1.283880113971461526e-02
6.590000000000000000e+02,1.283733668320390098e-02
6.600000000000000000e+02,1.283589246940099529e-02
6.610000000000000000e+02,1.283447643013353387e-02
6.620000000000000000e+02,1.283311732194925697e-02
6.630000000000000000e+02,1.283178230920390892e-02
6.640000000000000000e+02,1.283048786490742846e-02
6.650000000000000000e+02,1.282922408537108712e-02
6.660000000000000000e+02,1.282800128819186480e-02
6.670000000000000000e+02,1.282681982665387181e-02
6.680000000000000000e+02,1.282566371548336109e-02
6.690000000000000000e+02,1.282455429638928307e-02
6.700000000000000000e+02,1.282345703060804726e-02
6.710000000000000000e+02,1.282241053991334430e-02
6.720000000000000000e+02,1.282138944911305825e-02
6.730000000000000000e+02,1.282042120552254194e-02
6.740000000000000000e+02,1.281947000359394059e-02
6.750000000000000000e+02,1.281855252638593873e-02
6.760000000000000000e+02,1.281769410682398469e-02
6.770000000000000000e+02,1.281684907612907869e-02
6.780000000000000000e+02,1.281603171115561039e-02
6.790000000000000000e+02,1.281525864099200898e-02
6.800000000000000000e+02,1.281452176718148039e-02
6.810000000000000000e+02,1.281381824721418428e-02
6.820000000000000000e+02,1.281314237944618586e-02
6.830000000000000000e+02,1.281250336535762549e-02
6.840000000000000000e+02,1.281189606277780002e-02
6.850000000000000000e+02,1.281132166980301565e-02
6.860000000000000000e+02,1.281077054743636270e-02
6.870000000000000000e+02,1.281026695427965600e-02
6.880000000000000000e+02,1.280979403170648748e-02
6.890000000000000000e+02,1.280934024495868247e-02
6.900000000000000000e+02,1.280894048643793637e-02
6.910000000000000000e+02,1.280855856563717365e-02
6.920000000000000000e+02,1.280821301442794727e-02
6.930000000000000000e+02,1.280791222458052374e-02
6.940000000000000000e+02,1.280762917597594482e-02
6.950000000000000000e+02,1.280738567444613188e-02
6.960000000000000000e+02,1.280717332420386843e-02
6.970000000000000000e+02,1.280698739353005634e-02
6.980000000000000000e+02,1.280684154801423232e-02
6.990000000000000000e+02,1.280673408593042961e-02
7.000000000000000000e+02,1.280664147003698558e-02
7.010000000000000000e+02,1.280659457585699851e-02
7.020000000000000000e+02,1.280657841060119789e-02
7.030000000000000000e+02,1.280652657452655864e-02
7.040000000000000000e+02,1.280644510365235716e-02
7.050000000000000000e+02,1.280633258603779134e-02
7.060000000000000000e+02,1.280618069416038056e-02
7.070000000000000000e+02,1.280599940665775975e-02
7.080000000000000000e+02,1.280578688307080007e-02
7.090000000000000000e+02,1.280553835378542803e-02
7.100000000000000000e+02,1.280525553063182817e-02
7.110000000000000000e+02,1.280495320286049662e-02
7.120000000000000000e+02,1.280459733968400751e-02
7.130000000000000000e+02,1.280422161130335620e-02
7.140000000000000000e+02,1.280381318030870616e-02
7.150000000000000000e+02,1.280336414762774447e-02
7.160000000000000000e+02,1.280288032158699921e-02
7.170000000000000000e+02,1.280236683500071172e-02
7.180000000000000000e+02,1.280182808568375123e-02
7.190000000000000000e+02,1.280124798805580208e-02
7.200000000000000000e+02,1.280063862607526068e-02
7.210000000000000000e+02,1.279999270901941918e-02
7.220000000000000000e+02,1.279931879199830425e-02
7.230000000000000000e+02,1.279860903572099806e-02
7.240000000000000000e+02,1.279785439535822966e-02
7.250000000000000000e+02,1.279708020345791432e-02
7.260000000000000000e+02,1.279627180965226332e-02
7.270000000000000000e+02,1.279543196944132877e-02
7.280000000000000000e+02,1.279455901103906425e-02
7.290000000000000000e+02,1.279365046648560725e-02
7.300000000000000000e+02,1.279272079571850025e-02
7.310000000000000000e+02,1.279175384820993230e-02
7.320000000000000000e+02,1.279074798340401609e-02
7.330000000000000000e+02,1.278971944084473025e-02
7.340000000000000000e+02,1.278866083389941857e-02
7.350000000000000000e+02,1.278755700799962328e-02
7.360000000000000000e+02,1.278643565085961151e-02
7.370000000000000000e+02,1.278527089998724928e-02
7.380000000000000000e+02,1.278408161625904996e-02
7.390000000000000000e+02,1.278285918602444296e-02
7.400000000000000000e+02,1.278160752459425384e-02
7.410000000000000000e+02,1.278032628867211036e-02
7.420000000000000000e+02,1.277901996669641993e-02
7.430000000000000000e+02,1.277767414104574381e-02
7.440000000000000000e+02,1.277631181274833591e-02
7.450000000000000000e+02,1.277489831242712218e-02
7.460000000000000000e+02,1.277347943313036222e-02
7.470000000000000000e+02,1.277201221085911761e-02
7.480000000000000000e+02,1.277052004134354365e-02
7.490000000000000000e+02,1.276900832792012691e-02
7.500000000000000000e+02,1.276746398727218734e-02
7.510000000000000000e+02,1.276588220099793107e-02
7.520000000000000000e+02,1.276427764964635156e-02
7.530000000000000000e+02,1.276271846615099903e-02
7.540000000000000000e+02,1.276119865885626606e-02
7.550000000000000000e+02,1.275969076220394988e-02
7.560000000000000000e+02,1.275823134218434171e-02
7.570000000000000000e+02,1.275680523674009408e-02
7.580000000000000000e+02,1.275541258067275016e-02
7.590000000000000000e+02,1.275405611960594987e-02
7.600000000000000000e+02,1.275273473401822288e-02
7.610000000000000000e+02,1.275145407569488673e-02
7.620000000000000000e+02,1.275019815586411059e-02
7.630000000000000000e+02,1.274897917543262385e-02
7.640000000000000000e+02,1.274778705607310623e-02
7.650000000000000000e+02,1.274662346561160169e-02
7.660000000000000000e+02,1.274550883487109501e-02
7.670000000000000000e+02,1.274441787195770490e-02
7.680000000000000000e+02,1.274336538455929368e-02
7.690000000000000000e+02,1.274235050434945754e-02
7.700000000000000000e+02,1.274135020718840383e-02
7.710000000000000000e+02,1.274039475740880792e-02
7.720000000000000000e+02,1.273946365504333503e-02
7.730000000000000000e+02,1.273856569379607125e-02
7.740000000000000000e+02,1.273770205562894595e-02
7.750000000000000000e+02,1.273688279474044852e-02
7.760000000000000000e+02,1.273607617224424560e-02
7.770000000000000000e+02,1.273531439671340276e-02
7.780000000000000000e+02,1.273456622298581656e-02
7.790000000000000000e+02,1.273386915750488249e-02
7.800000000000000000e+02,1.273319512718379398e-02
7.810000000000000000e+02,1.273255293763897109e-02
7.820000000000000000e+02,1.273193286036700296e-02
7.830000000000000000e+02,1.273134929497271930e-02
7.840000000000000000e+02,1.273079735161878126e-02
7.850000000000000000e+02,1.273027477369607918e-02
7.860000000000000000e+02,1.272977738751902843e-02
7.870000000000000000e+02,1.272932045094908593e-02
7.880000000000000000e+02,1.272888801268548184e-02
7.890000000000000000e+02,1.272848740842737886e-02
7.900000000000000000e+02,1.272811270712000120e-02
7.910000000000000000e+02,1.272775855460648101e-02
7.920000000000000000e+02,1.272744701656401689e-02
7.930000000000000000e+02,1.272717324653299502e-02
7.940000000000000000e+02,1.272690626816221082e-02
7.950000000000000000e+02,1.272668827719539673e-02
7.960000000000000000e+02,1.272649540859613349e-02
7.970000000000000000e+02,1.272633347450316706e-02
7.980000000000000000e+02,1.272620083884649055e-02
7.990000000000000000e+02,1.272609873546253455e-02
8.000000000000000000e+02,1.272603010796195117e-02
8.010000000000000000e+02,1.272597218779005987e-02
8.020000000000000000e+02,1.272596131657050510e-02
8.030000000000000000e+02,1.272591672194051809e-02
8.040000000000000000e+02,1.272583862721214654e-02
8.050000000000000000e+02,1.272573738086571829e-02
8.060000000000000000e+02,1.272560366497204644e-02
8.070000000000000000e+02,1.272543761914692560e-02
8.080000000000000000e+02,1.272524863858097259e-02
8.090000000000000000e+02,1.272500545165927352e-02
8.100000000000000000e+02,1.272476302026310374e-02
8.110000000000000000e+02,1.272447539611609724e-02
8.120000000000000000e+02,1.272415989605387918e-02
8.130000000000000000e+02,1.272382804074389216e-02
8.140000000000000000e+02,1.272344330869477382e-02
8.150000000000000000e+02,1.272304075658760476e-02
8.160000000000000000e+02,1.272260369371327332e-02
8.170000000000000000e+02,1.272213679046688486e-02
8.180000000000000000e+02,1.272164472216278860e-02
8.190000000000000000e+02,1.272111512542729861e-02
8.200000000000000000e+02,1.272057010004213999e-02
8.210000000000000000e+02,1.271998706714478483e-02
8.220000000000000000e+02,1.271936875611453036e-02
8.230000000000000000e+02,1.271873022150508611e-02
8.240000000000000000e+02,1.271805386568044226e-02
8.250000000000000000e+02,1.271735104451364451e-02
8.260000000000000000e+02,1.271662220395787350e-02
8.270000000000000000e+02,1.271585744103658280e-02
8.280000000000000000e+02,1.271507601847993510e-02
8.290000000000000000e+02,1.271425240985659191e-02
8.300000000000000000e+02,1.271340156998284829e-02
8.310000000000000000e+02,1.271253360705001251e-02
8.320000000000000000e+02,1.271163196942302030e-02
8.330000000000000000e+02,1.271068989499258770e-02
8.340000000000000000e+02,1.270972920716056942e-02
8.350000000000000000e+02,1.270873865430106539e-02
8.360000000000000000e+02,1.270771290046482718e-02
8.370000000000000000e+02,1.270667654590344753e-02
8.380000000000000000e+02,1.270559112028686252e-02
8.390000000000000000e+02,1.270449044229636504e-02
8.400000000000000000e+02,1.270337934305680594e-02
8.410000000000000000e+02,1.270220880093453006e-02
8.420000000000000000e+02,1.270103201355585187e-02
8.430000000000000000e+02,1.269981513379077678e-02
8.440000000000000000e+02,1.269857794833569899e-02
8.450000000000000000e+02,1.269731685322387019e-02
8.460000000000000000e+02,1.269602143149309303e-02
8.470000000000000000e+02,1.269470851031983573e-02
8.480000000000000000e+02,1.269336815942767593e-02
8.490000000000000000e+02,1.269200902860457073e-02
8.500000000000000000e+02,1.269060545708229626e-02
8.510000000000000000e+02,1.268919937306406225e-02
8.520000000000000000e+02,1.268775196888149298e-02
8.530000000000000000e+02,1.268634675457794986e-02
8.540000000000000000e+02,1.268498011119759995e-02
8.550000000000000000e+02,1.268362476484151055e-02
8.560000000000000000e+02,1.268231958554230134e-02
8.570000000000000000e+02,1.268104731107992308e-02
8.580000000000000000e+02,1.267981470122186635e-02
8.590000000000000000e+02,1.267861490169177111e-02
8.600000000000000000e+02,1.267745648675048208e-02
8.610000000000000000e+02,1.267630167728158071e-02
8.620000000000000000e+02,1.267515007699248145e-02
8.630000000000000000e+02,1.267401628059699505e-02
8.640000000000000000e+02,1.267294608103723338e-02
8.650000000000000000e+02,1.267192077521265420e-02
8.660000000000000000e+02,1.267092648188548887e-02
8.670000000000000000e+02,1.266993819362066329e-02
8.680000000000000000e+02,1.266898375510040406e-02
8.690000000000000000e+02,1.266808176848529741e-02
8.700000000000000000e+02,1.266719320398181081e-02
8.710000000000000000e+02,1.266632555108838411e-02
8.720000000000000000e+02,1.266550782546430921e-02
8.730000000000000000e+02,1.266470852824450044e-02
8.740000000000000000e+02,1.266393412300807070e-02
8.750000000000000000e+02,1.266319141489572961e-02
8.760000000000000000e+02,1.266247161429146992e-02
8.770000000000000000e+02,1.266178567224759619e-02
8.780000000000000000e+02,1.266112661838835092e-02
8.790000000000000000e+02,1.266048835845625525e-02
8.800000000000000000e+02,1.265988936992519347e-02
8.810000000000000000e+02,1.265930738462637054e-02
8.820000000000000000e+02,1.265875967481345718e-02
8.830000000000000000e+02,1.265824493278985136e-02
8.840000000000000000e+02,1.265775577008924728e-02
8.850000000000000000e+02,1.265727845999528242e-02
8.860000000000000000e+02,1.265684615216877001e-02
8.870000000000000000e+02,1.265642877591431278e-02
8.880000000000000000e+02,1.265604591661964075e-02
8.890000000000000000e+02,1.265568858725116957e-02
8.900000000000000000e+02,1.265535041672362707e-02
8.910000000000000000e+02,1.265505011132756624e-02
8.920000000000000000e+02,1.265477048103845654e-02
8.930000000000000000e+02,1.265452109817901544e-02
8.940000000000000000e+02,1.265429503132323164e-02
8.950000000000000000e+02,1.265409179707009668e-02
8.960000000000000000e+02,1.265392570609704531e-02
8.970000000000000000e+02,1.265377357751681225e-02
8.980000000000000000e+02,1.265365493348562069e-02
8.990000000000000000e+02,1.265356447942723658e-02
9.000000000000000000e+02,1.265350146507696408e-02
9.010000000000000000e+02,1.265346125299338272e-02
9.020000000000000000e+02,1.265344264854336570e-02
9.030000000000000000e+02,1.265340545903367864e-02
9.040000000000000000e+02,1.265332342167506396e-02
9.050000000000000000e+02,1.265323979063933367e-02
9.060000000000000000e+02,1.265312300113321728e-02
9.070000000000000000e+02,1.265297988963397235e-02
9.080000000000000000e+02,1.265281168196027636e-02
9.090000000000000000e+02,1.265260369676831850e-02
9.100000000000000000e+02,1.265238370597792858e-02
9.110000000000000000e+02,1.265212445133654523e-02
9.120000000000000000e+02,1.265184820123961031e-02
9.130000000000000000e+02,1.265154135386947938e-02
9.140000000000000000e+02,1.265121821062499714e-02
9.150000000000000000e+02,1.265084537548822642e-02
9.160000000000000000e+02,1.265047908662871728e-02
9.170000000000000000e+02,1.265004367382996722e-02
9.180000000000000000e+02,1.264960340925072937e-02
9.190000000000000000e+02,1.264915543072574720e-02
9.200000000000000000e+02,1.264864639955480714e-02
9.210000000000000000e+02,1.264814093400196474e-02
9.220000000000000000e+02,1.264758927099838594e-02
9.230000000000000000e+02,1.264702217206944285e-02
9.240000000000000000e+02,1.264641820818888929e-02
9.250000000000000000e+02,1.264579711715294735e-02
9.260000000000000000e+02,1.264514899296424744e-02
9.270000000000000000e+02,1.264447574786763465e-02
9.280000000000000000e+02,1.264377017506528207e-02
9.290000000000000000e+02,1.264305118584030906e-02
9.300000000000000000e+02,1.264230186774417675e-02
9.310000000000000000e+02,1.264151943350401257e-02
9.320000000000000000e+02,1.264072718758495889e-02
9.330000000000000000e+02,1.263988923870207684e-02
9.340000000000000000e+02,1.263903145670728680e-02
9.350000000000000000e+02,1.263815676198712726e-02
9.360000000000000000e+02,1.263726013977037321e-02
9.370000000000000000e+02,1.263632737239681579e-02
9.380000000000000000e+02,1.263538764233933936e-02
9.390000000000000000e+02,1.263440201810657124e-02
9.400000000000000000e+02,1.263339783901345700e-02
9.410000000000000000e+02,1.263237697108867200e-02
9.420000000000000000e+02,1.263132764155056043e-02
9.430000000000000000e+02,1.263027861003141947e-02
9.440000000000000000e+02,1.262918060254539579e-02
9.450000000000000000e+02,1.262805703628802276e-02
9.460000000000000000e+02,1.262692124954193154e-02
9.470000000000000000e+02,1.262576806349914246e-02
9.480000000000000000e+02,1.262457827290889255e-02
9.490000000000000000e+02,1.262337606133960219e-02
9.500000000000000000e+02,1.262219531030549236e-02
9.510000000000000000e+02,1.262123648767700217e-02
9.520000000000000000e+02,1.262190993299583223e-02
9.530000000000000000e+02,1.263275191040490707e-02
9.540000000000000000e+02,1.270080253240329568e-02
9.550000000000000000e+02,1.306027346444367347e-02
9.560000000000000000e+02,1.477243663221138037e-02
9.570000000000000000e+02,2.192859181581202285e-02
9.580000000000000000e+02,4.969286807553739693e-02
9.590000000000000000e+02,1.322766506019946164e-01
9.600000000000000000e+02,3.836703914301236584e-01
9.610000000000000000e+02,6.167427856141701747e-01
9.620000000000000000e+02,9.032477826669544907e-01
9.630000000000000000e+02,1.086224724860642976e-01
9.640000000000000000e+02,2.294989490051402015e-01
9.650000000000000000e+02,4.781680556173898422e-01
9.660000000000000000e+02,3.340120962478404509e-02
9.670000000000000000e+02,4.507297276488805848e-01
9.680000000000000000e+02,4.714811110155733842e-02
9.690000000000000000e+02,2.852007776025327623e-01
9.700000000000000000e+02,1.442062099153615558e-02
9.710000000000000000e+02,2.374671391629445127e-01
9.720000000000000000e+02,1.267159865109769579e-02
9.730000000000000000e+02,1.604202197390081075e-01
9.740000000000000000e+02,5.569566076646155495e-02
9.750000000000000000e+02,6.387384942522987552e-02
9.760000000000000000e+02,9.848951352759968692e-02
9.770000000000000000e+02,1.410248442935755318e-02
9.780000000000000000e+02,8.451246834730680169e-02
9.790000000000000000e+02,4.565926249383343849e-02
9.800000000000000000e+02,1.943142884873950635e-02
9.810000000000000000e+02,6.454868786917328238e-02
9.820000000000000000e+02,2.653466542829647015e-02
9.830000000000000000e+02,1.975757129843293963e-02
9.840000000000000000e+02,4.579526635519173827e-02
9.850000000000000000e+02,2.762929763699091545e-02
9.860000000000000000e+02,1.303831485965828776e-02
9.870000000000000000e+02,2.922379136696789600e-02
9.880000000000000000e+02,2.942161302547748741e-02
9.890000000000000000e+02,1.470391609914883241e-02
9.900000000000000000e+02,1.508628611382465540e-02
9.910000000000000000e+02,2.302666101754541339e-02
9.920000000000000000e+02,2.187210431489990115e-02
9.930000000000000000e+02,1.508465013330878915e-02
9.940000000000000000e+02,1.264097460164253714e-02
9.950000000000000000e+02,1.514261600251112956e-02
9.960000000000000000e+02,1.732797899049245971e-02
9.970000000000000000e+02,1.678023307934291969e-02
9.980000000000000000e+02,1.487738320781733549e-02
9.990000000000000000e+02,1.337625015066993064e-02
1.000000000000000000e+03,1.273196910621989669e-02
